timestamp_iso,timestamp_epoch,dist_left_mm,dist_center_mm,dist_right_mm,steer,throttle,direction
2026-09-19T18:08:20.000625,1789834100.0006,259,909,329,0.000,1.000,FORWARD
2026-09-19T18:08:20.067497,1789834100.0675,257,909,339,-0.003,1.000,FORWARD
2026-09-19T18:08:20.134332,1789834100.1343,260,897,338,-0.018,1.000,FORWARD
2026-09-19T18:08:20.201021,1789834100.2010,263,859,346,-0.018,1.000,FORWARD
2026-09-19T18:08:20.267907,1789834100.2679,263,845,352,0.000,1.000,FORWARD
2026-09-19T18:08:20.334720,1789834100.3347,260,858,346,0.148,1.000,FORWARD
2026-09-19T18:08:20.401480,1789834100.4015,256,836,348,0.148,1.000,FORWARD
2026-09-19T18:08:20.468355,1789834100.4684,260,834,345,0.148,1.000,FORWARD
2026-09-19T18:08:20.535113,1789834100.5351,261,812,344,0.130,1.000,FORWARD
2026-09-19T18:08:20.601794,1789834100.6018,262,787,330,0.107,1.000,FORWARD
2026-09-19T18:08:20.668778,1789834100.6688,279,793,338,0.074,1.000,FORWARD
2026-09-19T18:08:20.735526,1789834100.7355,292,780,336,0.085,1.000,FORWARD
2026-09-19T18:08:20.802184,1789834100.8022,320,749,330,0.085,1.000,FORWARD
2026-09-19T18:08:20.869119,1789834100.8691,424,741,332,0.085,1.000,FORWARD
2026-09-19T18:08:20.935831,1789834100.9358,658,736,334,0.085,1.000,FORWARD
2026-09-19T18:08:21.002568,1789834101.0026,758,709,331,0.000,1.000,FORWARD
2026-09-19T18:08:21.069506,1789834101.0695,890,711,327,0.000,1.000,FORWARD
2026-09-19T18:08:21.136312,1789834101.1363,886,692,330,-0.062,1.000,FORWARD
2026-09-19T18:08:21.202977,1789834101.2030,873,677,329,-0.111,1.000,FORWARD
2026-09-19T18:08:21.270017,1789834101.2700,852,651,327,-0.111,1.000,FORWARD
2026-09-19T18:08:21.336700,1789834101.3367,878,633,339,-0.111,1.000,FORWARD
2026-09-19T18:08:21.403393,1789834101.4034,860,622,341,-0.148,1.000,FORWARD
2026-09-19T18:08:21.470289,1789834101.4703,841,612,343,-0.148,1.000,FORWARD
2026-09-19T18:08:21.537211,1789834101.5372,813,595,336,-0.245,1.000,FORWARD_LEFT
2026-09-19T18:08:21.603777,1789834101.6038,827,597,340,-0.279,1.000,FORWARD_LEFT
2026-09-19T18:08:21.670721,1789834101.6707,773,563,349,-0.302,1.000,FORWARD_LEFT
2026-09-19T18:08:21.737519,1789834101.7375,772,564,351,-0.552,0.989,FORWARD_LEFT
2026-09-19T18:08:21.804184,1789834101.8042,770,554,360,-0.600,0.955,FORWARD_LEFT
2026-09-19T18:08:21.871073,1789834101.8711,736,532,366,-0.604,0.943,FORWARD_LEFT
2026-09-19T18:08:21.937893,1789834101.9379,738,528,365,-0.604,0.943,FORWARD_LEFT
2026-09-19T18:08:22.004594,1789834102.0046,754,520,386,-0.768,0.765,FORWARD_LEFT
2026-09-19T18:08:22.071530,1789834102.0715,761,507,409,-0.828,0.682,FORWARD_LEFT
2026-09-19T18:08:22.138311,1789834102.1383,752,507,424,-0.854,0.602,FORWARD_LEFT
2026-09-19T18:08:22.205018,1789834102.2050,767,502,464,-0.858,0.591,FORWARD_LEFT
2026-09-19T18:08:22.271925,1789834102.2719,810,500,505,-0.776,0.742,FORWARD_LEFT
2026-09-19T18:08:22.338710,1789834102.3387,795,494,516,-0.776,0.754,FORWARD_LEFT
2026-09-19T18:08:22.405383,1789834102.4054,832,505,537,-0.787,0.754,FORWARD_LEFT
2026-09-19T18:08:22.472348,1789834102.4723,858,496,566,-0.694,0.860,FORWARD_LEFT
2026-09-19T18:08:22.539121,1789834102.5391,940,495,544,-0.507,0.958,FORWARD_LEFT
2026-09-19T18:08:22.605811,1789834102.6058,933,495,546,-0.567,0.958,FORWARD_LEFT
2026-09-19T18:08:22.672724,1789834102.6727,959,485,535,-0.615,0.951,FORWARD_LEFT
2026-09-19T18:08:22.739556,1789834102.7396,963,487,512,-0.604,0.947,FORWARD_LEFT
2026-09-19T18:08:22.806190,1789834102.8062,985,484,510,-0.604,0.947,FORWARD_LEFT
2026-09-19T18:08:22.873189,1789834102.8732,1036,471,484,-0.742,0.811,FORWARD_LEFT
2026-09-19T18:08:22.939948,1789834102.9399,1039,471,469,-0.836,0.636,FORWARD_LEFT
2026-09-19T18:08:23.006680,1789834103.0067,1149,474,467,-0.843,0.591,FORWARD_LEFT
2026-09-19T18:08:23.073570,1789834103.0736,1212,482,439,-0.843,0.591,FORWARD_LEFT
2026-09-19T18:08:23.140400,1789834103.1404,-1,495,441,-0.843,0.591,FORWARD_LEFT
2026-09-19T18:08:23.207010,1789834103.2070,-1,486,441,-0.746,0.807,FORWARD_LEFT
2026-09-19T18:08:23.274049,1789834103.2740,-1,499,430,-0.742,0.822,FORWARD_LEFT
2026-09-19T18:08:23.340710,1789834103.3407,-1,517,415,-0.742,0.822,FORWARD_LEFT
2026-09-19T18:08:23.407419,1789834103.4074,-1,494,419,-0.664,0.879,FORWARD_LEFT
2026-09-19T18:08:23.474327,1789834103.4743,-1,512,411,-0.548,0.932,FORWARD_LEFT
2026-09-19T18:08:23.541129,1789834103.5411,-1,511,410,-0.544,0.943,FORWARD_LEFT
2026-09-19T18:08:23.607768,1789834103.6078,-1,510,412,-0.488,0.962,FORWARD_LEFT
2026-09-19T18:08:23.674728,1789834103.6747,-1,514,393,-0.268,1.000,FORWARD_LEFT
2026-09-19T18:08:23.741529,1789834103.7415,-1,497,385,-0.216,1.000,FORWARD_LEFT
2026-09-19T18:08:23.808162,1789834103.8082,-1,486,381,-0.216,1.000,FORWARD_LEFT
2026-09-19T18:08:23.875086,1789834103.8751,-1,469,364,-0.216,1.000,FORWARD_LEFT
2026-09-19T18:08:23.941899,1789834103.9419,-1,464,363,-0.410,1.000,FORWARD_LEFT
2026-09-19T18:08:24.008568,1789834104.0086,-1,441,358,-0.451,1.000,FORWARD_LEFT
2026-09-19T18:08:24.075506,1789834104.0755,-1,439,336,-0.451,1.000,FORWARD_LEFT
2026-09-19T18:08:24.142304,1789834104.1423,-1,438,333,-0.548,0.970,FORWARD_LEFT
2026-09-19T18:08:24.208964,1789834104.2090,-1,426,321,-0.731,0.833,FORWARD_LEFT
2026-09-19T18:08:24.275884,1789834104.2759,-1,423,314,-0.742,0.830,FORWARD_LEFT
2026-09-19T18:08:24.342666,1789834104.3427,1244,425,310,-0.742,0.818,FORWARD_LEFT
2026-09-19T18:08:24.409315,1789834104.4093,1161,434,311,-0.742,0.818,FORWARD_LEFT
2026-09-19T18:08:24.476255,1789834104.4763,1002,454,315,-0.742,0.818,FORWARD_LEFT
2026-09-19T18:08:24.542916,1789834104.5429,852,464,315,-0.742,0.818,FORWARD_LEFT
2026-09-19T18:08:24.609727,1789834104.6097,760,471,312,-0.742,0.818,FORWARD_LEFT
2026-09-19T18:08:24.676657,1789834104.6767,610,509,319,-0.742,0.818,FORWARD_LEFT
2026-09-19T18:08:24.743309,1789834104.7433,580,516,319,-0.742,0.818,FORWARD_LEFT
2026-09-19T18:08:24.811612,1789834104.8116,510,529,324,-0.742,0.818,FORWARD_LEFT
2026-09-19T18:08:24.877043,1789834104.8770,479,560,322,-0.742,0.830,FORWARD_LEFT
2026-09-19T18:08:24.943704,1789834104.9437,447,558,327,-0.720,0.845,FORWARD_LEFT
2026-09-19T18:08:25.011628,1789834105.0116,397,588,333,-0.709,0.852,FORWARD_LEFT
2026-09-19T18:08:25.077466,1789834105.0775,381,657,329,-0.537,0.947,FORWARD_LEFT
2026-09-19T18:08:25.144107,1789834105.1441,367,672,313,-0.245,1.000,FORWARD_LEFT
2026-09-19T18:08:25.211624,1789834105.2116,326,711,319,-0.197,1.000,FORWARD_LEFT
2026-09-19T18:08:25.277834,1789834105.2778,330,743,318,-0.189,1.000,FORWARD_LEFT
2026-09-19T18:08:25.344507,1789834105.3445,331,728,304,-0.189,1.000,FORWARD_LEFT
2026-09-19T18:08:25.411638,1789834105.4116,334,673,300,-0.189,1.000,FORWARD_LEFT
2026-09-19T18:08:25.478233,1789834105.4782,336,702,294,-0.201,1.000,FORWARD_LEFT
2026-09-19T18:08:25.544901,1789834105.5449,351,705,296,-0.354,1.000,FORWARD_LEFT
2026-09-19T18:08:25.611851,1789834105.6119,348,703,290,-0.376,1.000,FORWARD_LEFT
2026-09-19T18:08:25.678628,1789834105.6786,337,707,282,-0.387,1.000,FORWARD_LEFT
2026-09-19T18:08:25.745307,1789834105.7453,352,716,283,-0.387,1.000,FORWARD_LEFT
2026-09-19T18:08:25.812642,1789834105.8126,350,728,281,-0.402,1.000,FORWARD_LEFT
2026-09-19T18:08:25.879010,1789834105.8790,350,765,275,-0.511,1.000,FORWARD_LEFT
2026-09-19T18:08:25.945690,1789834105.9457,341,736,272,-0.511,1.000,FORWARD_LEFT
2026-09-19T18:08:26.012629,1789834106.0126,329,806,279,-0.544,0.981,FORWARD_LEFT
2026-09-19T18:08:26.079574,1789834106.0796,329,850,285,-0.556,0.981,FORWARD_LEFT
2026-09-19T18:08:26.148412,1789834106.1484,312,895,286,-0.556,0.981,FORWARD_LEFT
2026-09-19T18:08:26.215329,1789834106.2153,283,941,291,-0.556,0.981,FORWARD_LEFT
2026-09-19T18:08:26.282127,1789834106.2821,276,963,292,-0.503,0.977,FORWARD_LEFT
2026-09-19T18:08:26.348787,1789834106.3488,269,962,301,-0.436,0.977,FORWARD_LEFT
2026-09-19T18:08:26.415720,1789834106.4157,263,975,308,-0.436,0.981,FORWARD_LEFT
2026-09-19T18:08:26.482516,1789834106.4825,253,946,305,-0.283,1.000,FORWARD_LEFT
2026-09-19T18:08:26.549160,1789834106.5492,243,947,311,-0.014,1.000,FORWARD
2026-09-19T18:08:26.616095,1789834106.6161,240,922,316,0.000,1.000,FORWARD
2026-09-19T18:08:26.682905,1789834106.6829,240,913,319,0.000,1.000,FORWARD
2026-09-19T18:08:26.749583,1789834106.7496,239,928,316,0.000,1.000,FORWARD
2026-09-19T18:08:26.816525,1789834106.8165,237,913,307,0.000,1.000,FORWARD
2026-09-19T18:08:26.883281,1789834106.8833,239,884,304,0.000,1.000,FORWARD
2026-09-19T18:08:26.949940,1789834106.9499,239,881,299,0.000,1.000,FORWARD
2026-09-19T18:08:27.016879,1789834107.0169,244,848,296,-0.145,1.000,FORWARD
2026-09-19T18:08:27.083677,1789834107.0837,239,839,300,-0.145,1.000,FORWARD
2026-09-19T18:08:27.150334,1789834107.1503,236,837,302,-0.145,1.000,FORWARD
2026-09-19T18:08:27.217258,1789834107.2173,232,794,300,-0.145,1.000,FORWARD
2026-09-19T18:08:27.284040,1789834107.2840,229,797,296,-0.145,1.000,FORWARD
2026-09-19T18:08:27.350721,1789834107.3507,230,781,295,-0.145,1.000,FORWARD
2026-09-19T18:08:27.417659,1789834107.4177,224,765,290,-0.145,1.000,FORWARD
2026-09-19T18:08:27.484502,1789834107.4845,224,764,291,-0.137,1.000,FORWARD
2026-09-19T18:08:27.551112,1789834107.5511,227,759,290,-0.126,1.000,FORWARD
2026-09-19T18:08:27.618036,1789834107.6180,219,725,290,-0.126,1.000,FORWARD
2026-09-19T18:08:27.684858,1789834107.6849,216,723,289,-0.130,1.000,FORWARD
2026-09-19T18:08:27.751516,1789834107.7515,215,684,284,-0.118,1.000,FORWARD
2026-09-19T18:08:27.818455,1789834107.8185,210,685,287,-0.118,1.000,FORWARD
2026-09-19T18:08:27.885219,1789834107.8852,206,673,285,-0.130,1.000,FORWARD
2026-09-19T18:08:27.951882,1789834107.9519,209,656,286,-0.130,1.000,FORWARD
2026-09-19T18:08:28.018878,1789834108.0189,212,638,278,-0.130,1.000,FORWARD
2026-09-19T18:08:28.085667,1789834108.0857,226,631,280,-0.163,1.000,FORWARD_LEFT
2026-09-19T18:08:28.152260,1789834108.1523,305,609,283,-0.175,1.000,FORWARD_LEFT
2026-09-19T18:08:28.219189,1789834108.2192,729,597,278,-0.175,1.000,FORWARD_LEFT
2026-09-19T18:08:28.285988,1789834108.2860,941,600,279,-0.219,1.000,FORWARD_LEFT
2026-09-19T18:08:28.352667,1789834108.3527,998,586,275,-0.287,1.000,FORWARD_LEFT
2026-09-19T18:08:28.419591,1789834108.4196,996,560,279,-0.287,1.000,FORWARD_LEFT
2026-09-19T18:08:28.486385,1789834108.4864,995,552,280,-0.287,1.000,FORWARD_LEFT
2026-09-19T18:08:28.553043,1789834108.5530,-1,551,284,-0.417,1.000,FORWARD_LEFT
2026-09-19T18:08:28.619966,1789834108.6200,994,535,285,-0.417,1.000,FORWARD_LEFT
2026-09-19T18:08:28.686765,1789834108.6868,972,517,285,-0.417,1.000,FORWARD_LEFT
2026-09-19T18:08:28.753457,1789834108.7535,981,511,287,-0.417,1.000,FORWARD_LEFT
2026-09-19T18:08:28.820361,1789834108.8204,942,497,296,-0.417,1.000,FORWARD_LEFT
2026-09-19T18:08:28.887112,1789834108.8871,940,478,299,-0.417,1.000,FORWARD_LEFT
2026-09-19T18:08:28.953772,1789834108.9538,967,480,300,-0.417,1.000,FORWARD_LEFT
2026-09-19T18:08:29.020715,1789834109.0207,925,465,297,-0.511,1.000,FORWARD_LEFT
2026-09-19T18:08:29.087525,1789834109.0875,958,455,307,-0.615,0.955,FORWARD_LEFT
2026-09-19T18:08:29.154192,1789834109.1542,943,457,309,-0.612,0.928,FORWARD_LEFT
2026-09-19T18:08:29.221097,1789834109.2211,994,438,317,-0.619,0.924,FORWARD_LEFT
2026-09-19T18:08:29.287901,1789834109.2879,1023,433,335,-0.619,0.924,FORWARD_LEFT
2026-09-19T18:08:29.354631,1789834109.3546,957,435,338,-0.630,0.924,FORWARD_LEFT
2026-09-19T18:08:29.421521,1789834109.4215,1040,431,363,-0.630,0.924,FORWARD_LEFT
2026-09-19T18:08:29.488335,1789834109.4883,-1,427,371,-0.630,0.924,FORWARD_LEFT
2026-09-19T18:08:29.554976,1789834109.5550,1213,430,384,-0.630,0.924,FORWARD_LEFT
2026-09-19T18:08:29.621908,1789834109.6219,1101,421,393,-0.630,0.924,FORWARD_LEFT
2026-09-19T18:08:29.688709,1789834109.6887,1187,415,398,-0.630,0.924,FORWARD_LEFT
2026-09-19T18:08:29.755386,1789834109.7554,-1,413,399,-0.630,0.924,FORWARD_LEFT
2026-09-19T18:08:29.822302,1789834109.8223,-1,413,385,-0.630,0.924,FORWARD_LEFT
2026-09-19T18:08:29.889102,1789834109.8891,-1,411,380,-0.630,0.924,FORWARD_LEFT
2026-09-19T18:08:29.955758,1789834109.9558,-1,406,377,-0.630,0.924,FORWARD_LEFT
2026-09-19T18:08:30.022697,1789834110.0227,-1,408,358,-0.630,0.924,FORWARD_LEFT
2026-09-19T18:08:30.089501,1789834110.0895,-1,406,354,-0.597,0.939,FORWARD_LEFT
2026-09-19T18:08:30.156146,1789834110.1561,-1,407,341,-0.593,0.951,FORWARD_LEFT
2026-09-19T18:08:30.223078,1789834110.2231,-1,411,336,-0.593,0.951,FORWARD_LEFT
2026-09-19T18:08:30.289915,1789834110.2899,-1,411,326,-0.593,0.951,FORWARD_LEFT
2026-09-19T18:08:30.356539,1789834110.3565,-1,413,319,-0.529,0.951,FORWARD_LEFT
2026-09-19T18:08:30.423500,1789834110.4235,-1,417,310,-0.518,0.966,FORWARD_LEFT
2026-09-19T18:08:30.490298,1789834110.4903,-1,418,306,-0.518,0.966,FORWARD_LEFT
2026-09-19T18:08:30.556935,1789834110.5569,-1,419,298,-0.507,0.974,FORWARD_LEFT
2026-09-19T18:08:30.623883,1789834110.6239,-1,414,294,-0.507,0.974,FORWARD_LEFT
2026-09-19T18:08:30.690667,1789834110.6907,-1,410,288,-0.507,0.974,FORWARD_LEFT
2026-09-19T18:08:30.757309,1789834110.7573,-1,410,283,-0.507,0.974,FORWARD_LEFT
2026-09-19T18:08:30.824249,1789834110.8242,-1,412,278,-0.507,0.974,FORWARD_LEFT
2026-09-19T18:08:30.891052,1789834110.8911,-1,408,266,-0.507,0.974,FORWARD_LEFT
2026-09-19T18:08:30.957701,1789834110.9577,-1,410,260,-0.615,0.955,FORWARD_LEFT
2026-09-19T18:08:31.024648,1789834111.0246,-1,415,255,-0.604,0.951,FORWARD_LEFT
2026-09-19T18:08:31.091484,1789834111.0915,-1,406,252,-0.604,0.951,FORWARD_LEFT
2026-09-19T18:08:31.158140,1789834111.1581,-1,419,250,-0.604,0.951,FORWARD_LEFT
2026-09-19T18:08:31.225038,1789834111.2250,-1,433,248,-0.604,0.951,FORWARD_LEFT
2026-09-19T18:08:31.291860,1789834111.2919,-1,445,245,-0.604,0.951,FORWARD_LEFT
2026-09-19T18:08:31.358498,1789834111.3585,-1,445,243,-0.615,0.951,FORWARD_LEFT
2026-09-19T18:08:31.425476,1789834111.4255,-1,462,239,-0.137,1.000,FORWARD
2026-09-19T18:08:31.492266,1789834111.4923,1223,475,238,-0.018,1.000,FORWARD
2026-09-19T18:08:31.558898,1789834111.5589,-1,472,238,-0.018,1.000,FORWARD
2026-09-19T18:08:31.625827,1789834111.6258,1249,479,225,-0.018,1.000,FORWARD
2026-09-19T18:08:31.692638,1789834111.6926,1267,450,222,-0.118,1.000,FORWARD
2026-09-19T18:08:31.759277,1789834111.7593,-1,438,217,-0.201,1.000,FORWARD_LEFT
2026-09-19T18:08:31.826226,1789834111.8262,-1,440,204,-0.227,1.000,FORWARD_LEFT
2026-09-19T18:08:31.893015,1789834111.8930,-1,408,203,-0.238,1.000,FORWARD_LEFT
2026-09-19T18:08:31.961802,1789834111.9618,-1,406,191,-0.287,1.000,FORWARD_LEFT
2026-09-19T18:08:32.026618,1789834112.0266,-1,403,185,-0.365,1.000,FORWARD_LEFT
2026-09-19T18:08:32.093287,1789834112.0933,-1,400,179,-0.387,1.000,FORWARD_LEFT
2026-09-19T18:08:32.161849,1789834112.1618,-1,386,175,-0.399,1.000,FORWARD_LEFT
2026-09-19T18:08:32.227075,1789834112.2271,1263,383,167,-0.410,1.000,FORWARD_LEFT
2026-09-19T18:08:32.293641,1789834112.2936,-1,390,166,-0.410,1.000,FORWARD_LEFT
2026-09-19T18:08:32.361839,1789834112.3618,1191,404,160,-0.410,1.000,FORWARD_LEFT
2026-09-19T18:08:32.427384,1789834112.4274,1152,407,158,-0.410,1.000,FORWARD_LEFT
2026-09-19T18:08:32.493987,1789834112.4940,1096,391,158,-0.410,1.000,FORWARD_LEFT
2026-09-19T18:08:32.561828,1789834112.5618,1137,396,150,-0.410,1.000,FORWARD_LEFT
2026-09-19T18:08:32.627791,1789834112.6278,1089,394,147,-0.410,1.000,FORWARD_LEFT
2026-09-19T18:08:32.694406,1789834112.6944,1144,395,144,-0.410,1.000,FORWARD_LEFT
2026-09-19T18:08:32.761835,1789834112.7618,1085,396,138,-0.410,1.000,FORWARD_LEFT
2026-09-19T18:08:32.828129,1789834112.8281,1068,392,137,-0.410,1.000,FORWARD_LEFT
2026-09-19T18:08:32.894946,1789834112.8949,1039,401,134,-0.410,1.000,FORWARD_LEFT
2026-09-19T18:08:32.961858,1789834112.9619,1039,401,133,-0.410,1.000,FORWARD_LEFT
2026-09-19T18:08:33.028569,1789834113.0286,1028,394,131,-0.410,1.000,FORWARD_LEFT
2026-09-19T18:08:33.095130,1789834113.0951,971,410,132,-0.410,1.000,FORWARD_LEFT
2026-09-19T18:08:33.162071,1789834113.1621,969,425,126,-0.686,0.894,FORWARD_LEFT
2026-09-19T18:08:33.228916,1789834113.2289,991,427,126,-0.742,0.811,FORWARD_LEFT
2026-09-19T18:08:33.295568,1789834113.2956,973,443,126,-0.757,0.761,FORWARD_LEFT
2026-09-19T18:08:33.362512,1789834113.3625,759,522,135,-0.753,0.754,FORWARD_LEFT
2026-09-19T18:08:33.429430,1789834113.4294,707,642,143,-0.753,0.754,FORWARD_LEFT
2026-09-19T18:08:33.495967,1789834113.4960,636,754,149,-0.753,0.754,FORWARD_LEFT
2026-09-19T18:08:33.562755,1789834113.5628,613,957,157,-0.753,0.754,FORWARD_LEFT
2026-09-19T18:08:33.629660,1789834113.6297,582,1024,163,-0.753,0.754,FORWARD_LEFT
2026-09-19T18:08:33.696346,1789834113.6963,567,1053,173,-0.753,0.780,FORWARD_LEFT
2026-09-19T18:08:33.763159,1789834113.7632,536,1115,187,-0.742,0.818,FORWARD_LEFT
2026-09-19T18:08:33.829904,1789834113.8299,516,1131,192,-0.548,0.947,FORWARD_LEFT
2026-09-19T18:08:33.896624,1789834113.8966,485,1151,210,-0.541,0.958,FORWARD_LEFT
2026-09-19T18:08:33.963499,1789834113.9635,467,1102,221,-0.541,0.958,FORWARD_LEFT
2026-09-19T18:08:34.030232,1789834114.0302,452,1112,232,-0.496,0.962,FORWARD_LEFT
2026-09-19T18:08:34.096887,1789834114.0969,447,1102,232,-0.283,1.000,FORWARD_LEFT
2026-09-19T18:08:34.163788,1789834114.1638,439,1074,238,-0.283,1.000,FORWARD_LEFT
2026-09-19T18:08:34.230574,1789834114.2306,441,1048,245,-0.283,1.000,FORWARD_LEFT
2026-09-19T18:08:34.297280,1789834114.2973,438,1072,253,-0.533,0.985,FORWARD_LEFT
2026-09-19T18:08:34.364246,1789834114.3642,435,1032,258,-0.552,0.981,FORWARD_LEFT
2026-09-19T18:08:34.430937,1789834114.4309,431,1019,267,-0.552,0.966,FORWARD_LEFT
2026-09-19T18:08:34.497598,1789834114.4976,427,1022,270,-0.552,0.966,FORWARD_LEFT
2026-09-19T18:08:34.564504,1789834114.5645,410,1013,291,-0.186,1.000,FORWARD_LEFT
2026-09-19T18:08:34.631402,1789834114.6314,399,995,296,-0.051,1.000,FORWARD
2026-09-19T18:08:34.698156,1789834114.6982,397,1018,306,-0.040,1.000,FORWARD
2026-09-19T18:08:34.765010,1789834114.7650,400,977,315,-0.018,1.000,FORWARD
2026-09-19T18:08:34.831761,1789834114.8318,392,982,323,-0.018,1.000,FORWARD
2026-09-19T18:08:34.898358,1789834114.8984,392,959,323,-0.018,1.000,FORWARD
2026-09-19T18:08:34.965275,1789834114.9653,389,958,337,0.036,1.000,FORWARD
2026-09-19T18:08:35.032128,1789834115.0321,382,936,349,0.189,1.000,FORWARD_RIGHT
2026-09-19T18:08:35.098761,1789834115.0988,380,941,350,0.201,1.000,FORWARD_RIGHT
2026-09-19T18:08:35.165752,1789834115.1658,386,901,349,0.201,1.000,FORWARD_RIGHT
2026-09-19T18:08:35.232574,1789834115.2326,382,884,353,0.458,1.000,FORWARD_RIGHT
2026-09-19T18:08:35.299237,1789834115.2992,383,874,353,0.458,1.000,FORWARD_RIGHT
2026-09-19T18:08:35.366963,1789834115.3670,383,864,353,0.458,1.000,FORWARD_RIGHT
2026-09-19T18:08:35.432908,1789834115.4329,385,852,343,0.458,1.000,FORWARD_RIGHT
2026-09-19T18:08:35.499596,1789834115.4996,393,838,336,0.458,1.000,FORWARD_RIGHT
2026-09-19T18:08:35.566522,1789834115.5665,417,825,305,0.458,1.000,FORWARD_RIGHT
2026-09-19T18:08:35.633297,1789834115.6333,435,809,300,0.458,1.000,FORWARD_RIGHT
2026-09-19T18:08:35.699997,1789834115.7000,446,793,293,0.000,1.000,FORWARD
2026-09-19T18:08:35.766884,1789834115.7669,525,788,274,-0.133,1.000,FORWARD
2026-09-19T18:08:35.833810,1789834115.8338,533,787,277,-0.290,1.000,FORWARD_LEFT
2026-09-19T18:08:35.900365,1789834115.9004,567,755,277,-0.324,1.000,FORWARD_LEFT
2026-09-19T18:08:35.967337,1789834115.9673,575,741,283,-0.324,1.000,FORWARD_LEFT
2026-09-19T18:08:36.034130,1789834116.0341,581,738,280,0.000,1.000,FORWARD
2026-09-19T18:08:36.100795,1789834116.1008,621,726,278,0.000,1.000,FORWARD
2026-09-19T18:08:36.167677,1789834116.1677,721,705,277,0.000,1.000,FORWARD
2026-09-19T18:08:36.234520,1789834116.2345,810,699,283,0.000,1.000,FORWARD
2026-09-19T18:08:36.301135,1789834116.3011,923,696,282,-0.133,1.000,FORWARD
2026-09-19T18:08:36.368075,1789834116.3681,969,681,284,-0.245,1.000,FORWARD_LEFT
2026-09-19T18:08:36.434855,1789834116.4349,988,668,281,-0.309,1.000,FORWARD_LEFT
2026-09-19T18:08:36.501550,1789834116.5015,975,644,287,-0.582,0.955,FORWARD_LEFT
2026-09-19T18:08:36.568479,1789834116.5685,981,620,292,-0.597,0.936,FORWARD_LEFT
2026-09-19T18:08:36.635289,1789834116.6353,961,620,295,-0.600,0.924,FORWARD_LEFT
2026-09-19T18:08:36.701906,1789834116.7019,925,608,298,-0.600,0.924,FORWARD_LEFT
2026-09-19T18:08:36.768850,1789834116.7689,967,614,307,-0.612,0.924,FORWARD_LEFT
2026-09-19T18:08:36.835650,1789834116.8356,1018,594,327,-0.612,0.924,FORWARD_LEFT
2026-09-19T18:08:36.902295,1789834116.9023,1001,596,327,-0.612,0.924,FORWARD_LEFT
2026-09-19T18:08:36.969189,1789834116.9692,1026,581,340,-0.612,0.924,FORWARD_LEFT
2026-09-19T18:08:37.036022,1789834117.0360,976,577,353,-0.612,0.924,FORWARD_LEFT
2026-09-19T18:08:37.102673,1789834117.1027,1033,571,370,-0.612,0.924,FORWARD_LEFT
2026-09-19T18:08:37.169603,1789834117.1696,995,570,388,-0.612,0.924,FORWARD_LEFT
2026-09-19T18:08:37.236399,1789834117.2364,1018,575,395,-0.612,0.924,FORWARD_LEFT
2026-09-19T18:08:37.303056,1789834117.3031,1049,565,416,-0.612,0.924,FORWARD_LEFT
2026-09-19T18:08:37.369994,1789834117.3700,1005,555,442,-0.223,0.977,FORWARD_LEFT
2026-09-19T18:08:37.436793,1789834117.4368,1036,543,445,-0.167,1.000,FORWARD_LEFT
2026-09-19T18:08:37.503455,1789834117.5035,1067,546,461,-0.156,1.000,FORWARD_LEFT
2026-09-19T18:08:37.570383,1789834117.5704,-1,532,489,-0.156,1.000,FORWARD_LEFT
2026-09-19T18:08:37.637161,1789834117.6372,1120,523,489,-0.156,1.000,FORWARD_LEFT
2026-09-19T18:08:37.703837,1789834117.7038,1072,511,489,-0.167,1.000,FORWARD_LEFT
2026-09-19T18:08:37.770777,1789834117.7708,1075,502,501,-0.260,1.000,FORWARD_LEFT
2026-09-19T18:08:37.837546,1789834117.8375,1081,486,487,-0.249,1.000,FORWARD_LEFT
2026-09-19T18:08:37.904190,1789834117.9042,1046,476,494,-0.238,1.000,FORWARD_LEFT
2026-09-19T18:08:37.971119,1789834117.9711,1004,455,503,-0.238,1.000,FORWARD_LEFT
2026-09-19T18:08:38.037927,1789834118.0379,1032,447,493,-0.264,1.000,FORWARD_LEFT
2026-09-19T18:08:38.104596,1789834118.1046,1009,441,491,-0.279,1.000,FORWARD_LEFT
2026-09-19T18:08:38.171530,1789834118.1715,961,422,471,-0.302,1.000,FORWARD_LEFT
2026-09-19T18:08:38.238357,1789834118.2384,945,410,465,-0.473,1.000,FORWARD_LEFT
2026-09-19T18:08:38.304997,1789834118.3050,971,408,457,-0.552,0.977,FORWARD_LEFT
2026-09-19T18:08:38.371908,1789834118.3719,945,386,422,-0.552,0.977,FORWARD_LEFT
2026-09-19T18:08:38.438724,1789834118.4387,989,384,417,-0.552,0.977,FORWARD_LEFT
2026-09-19T18:08:38.505397,1789834118.5054,1008,372,403,-0.552,0.977,FORWARD_LEFT
2026-09-19T18:08:38.572300,1789834118.5723,999,360,375,-0.552,0.977,FORWARD_LEFT
2026-09-19T18:08:38.639111,1789834118.6391,1027,355,366,-0.552,0.977,FORWARD_LEFT
2026-09-19T18:08:38.705787,1789834118.7058,1102,355,347,-0.552,0.977,FORWARD_LEFT
2026-09-19T18:08:38.772706,1789834118.7727,1229,352,335,-0.552,0.977,FORWARD_LEFT
2026-09-19T18:08:38.839515,1789834118.8395,1250,350,326,-0.563,0.974,FORWARD_LEFT
2026-09-19T18:08:38.906160,1789834118.9062,-1,342,316,-0.563,0.974,FORWARD_LEFT
2026-09-19T18:08:38.973120,1789834118.9731,1252,339,303,-0.563,0.974,FORWARD_LEFT
2026-09-19T18:08:39.039907,1789834119.0399,-1,336,296,-0.563,0.974,FORWARD_LEFT
2026-09-19T18:08:39.106585,1789834119.1066,-1,332,282,-0.604,0.943,FORWARD_LEFT
2026-09-19T18:08:39.173531,1789834119.1735,-1,324,277,-0.686,0.894,FORWARD_LEFT
2026-09-19T18:08:39.240303,1789834119.2403,-1,325,264,-0.731,0.841,FORWARD_LEFT
2026-09-19T18:08:39.306968,1789834119.3070,-1,328,260,-0.772,0.712,FORWARD_LEFT
2026-09-19T18:08:39.373914,1789834119.3739,-1,333,253,-0.899,0.549,FORWARD_LEFT
2026-09-19T18:08:39.440722,1789834119.4407,-1,343,245,-0.963,0.470,FORWARD_LEFT
2026-09-19T18:08:39.507367,1789834119.5074,-1,348,248,-0.974,0.462,FORWARD_LEFT
2026-09-19T18:08:39.574298,1789834119.5743,-1,361,249,-0.974,0.462,FORWARD_LEFT
2026-09-19T18:08:39.641104,1789834119.6411,-1,366,247,-0.963,0.500,FORWARD_LEFT
2026-09-19T18:08:39.707764,1789834119.7078,-1,372,246,-0.757,0.754,FORWARD_LEFT
2026-09-19T18:08:39.774703,1789834119.7747,-1,385,245,-0.608,0.932,FORWARD_LEFT
2026-09-19T18:08:39.841564,1789834119.8416,-1,402,247,-0.417,0.989,FORWARD_LEFT
2026-09-19T18:08:39.908148,1789834119.9081,-1,418,245,-0.305,1.000,FORWARD_LEFT
2026-09-19T18:08:39.975094,1789834119.9751,1206,422,241,-0.316,1.000,FORWARD_LEFT
2026-09-19T18:08:40.041881,1789834120.0419,1179,423,239,-0.514,1.000,FORWARD_LEFT
2026-09-19T18:08:40.108580,1789834120.1086,1139,419,233,-0.593,0.920,FORWARD_LEFT
2026-09-19T18:08:40.175500,1789834120.1755,1156,405,225,-0.731,0.845,FORWARD_LEFT
2026-09-19T18:08:40.242341,1789834120.2423,1167,410,222,-0.753,0.761,FORWARD_LEFT
2026-09-19T18:08:40.308936,1789834120.3089,993,430,219,-0.753,0.761,FORWARD_LEFT
2026-09-19T18:08:40.375890,1789834120.3759,805,476,227,-0.750,0.750,FORWARD_LEFT
2026-09-19T18:08:40.442692,1789834120.4427,701,495,228,-0.750,0.750,FORWARD_LEFT
2026-09-19T18:08:40.509346,1789834120.5093,642,508,226,-0.750,0.750,FORWARD_LEFT
2026-09-19T18:08:40.576458,1789834120.5765,561,570,230,-0.750,0.750,FORWARD_LEFT
2026-09-19T18:08:40.643085,1789834120.6431,522,588,236,-0.761,0.754,FORWARD_LEFT
2026-09-19T18:08:40.712085,1789834120.7121,467,597,242,-0.761,0.754,FORWARD_LEFT
2026-09-19T18:08:40.776688,1789834120.7767,439,674,247,-0.761,0.754,FORWARD_LEFT
2026-09-19T18:08:40.843341,1789834120.8433,425,685,245,-0.761,0.754,FORWARD_LEFT
2026-09-19T18:08:40.911086,1789834120.9111,381,786,262,-0.451,0.845,FORWARD_LEFT
2026-09-19T18:08:40.977076,1789834120.9771,361,909,265,-0.141,0.977,FORWARD
2026-09-19T18:08:41.043736,1789834121.0437,347,965,270,-0.145,1.000,FORWARD
2026-09-19T18:08:41.111095,1789834121.1111,333,1023,272,-0.145,1.000,FORWARD
2026-09-19T18:08:41.177494,1789834121.1775,335,1013,274,-0.231,1.000,FORWARD_LEFT
2026-09-19T18:08:41.244124,1789834121.2441,339,997,271,-0.290,1.000,FORWARD_LEFT
2026-09-19T18:08:41.311084,1789834121.3111,346,993,266,-0.552,0.966,FORWARD_LEFT
2026-09-19T18:08:41.377847,1789834121.3778,341,1018,265,-0.664,0.894,FORWARD_LEFT
2026-09-19T18:08:41.444529,1789834121.4445,346,1045,270,-0.716,0.852,FORWARD_LEFT
2026-09-19T18:08:41.511438,1789834121.5114,337,1070,281,-0.727,0.849,FORWARD_LEFT
2026-09-19T18:08:41.578282,1789834121.5783,317,1141,285,-0.727,0.845,FORWARD_LEFT
2026-09-19T18:08:41.644902,1789834121.6449,291,1146,291,-0.716,0.849,FORWARD_LEFT
2026-09-19T18:08:41.711822,1789834121.7118,271,1111,322,-0.716,0.849,FORWARD_LEFT
2026-09-19T18:08:41.778625,1789834121.7786,261,1113,324,-0.615,0.871,FORWARD_LEFT
2026-09-19T18:08:41.845298,1789834121.8453,246,1150,341,0.000,0.951,FORWARD
2026-09-19T18:08:41.912235,1789834121.9122,231,1099,375,0.000,0.981,FORWARD
2026-09-19T18:08:41.979017,1789834121.9790,229,1091,376,0.077,1.000,FORWARD
2026-09-19T18:08:42.045676,1789834122.0457,232,1111,368,0.077,1.000,FORWARD
2026-09-19T18:08:42.112615,1789834122.1126,236,1070,371,0.089,1.000,FORWARD
2026-09-19T18:08:42.179436,1789834122.1794,235,1044,374,0.092,1.000,FORWARD
2026-09-19T18:08:42.246083,1789834122.2461,232,1026,373,0.081,1.000,FORWARD
2026-09-19T18:08:42.313007,1789834122.3130,236,1011,359,0.081,1.000,FORWARD
2026-09-19T18:08:42.379810,1789834122.3798,237,1035,368,0.092,1.000,FORWARD
2026-09-19T18:08:42.446411,1789834122.4464,238,1003,362,0.092,1.000,FORWARD
2026-09-19T18:08:42.513396,1789834122.5134,242,971,359,0.092,1.000,FORWARD
2026-09-19T18:08:42.580199,1789834122.5802,246,957,362,0.092,1.000,FORWARD
2026-09-19T18:08:42.646868,1789834122.6469,245,969,356,0.092,1.000,FORWARD
2026-09-19T18:08:42.713847,1789834122.7138,252,932,360,0.130,1.000,FORWARD
2026-09-19T18:08:42.780604,1789834122.7806,251,947,360,0.208,1.000,FORWARD_RIGHT
2026-09-19T18:08:42.847297,1789834122.8473,251,922,359,0.343,1.000,FORWARD_RIGHT
2026-09-19T18:08:42.914236,1789834122.9142,260,896,353,0.343,1.000,FORWARD_RIGHT
2026-09-19T18:08:42.981030,1789834122.9810,260,889,356,0.343,1.000,FORWARD_RIGHT
2026-09-19T18:08:43.047691,1789834123.0477,266,880,356,0.343,1.000,FORWARD_RIGHT
2026-09-19T18:08:43.114651,1789834123.1147,281,857,351,0.343,1.000,FORWARD_RIGHT
2026-09-19T18:08:43.181470,1789834123.1815,286,852,338,0.466,1.000,FORWARD_RIGHT
2026-09-19T18:08:43.248080,1789834123.2481,294,840,336,0.567,0.981,FORWARD_RIGHT
2026-09-19T18:08:43.315045,1789834123.3150,307,837,318,0.578,0.970,FORWARD_RIGHT
2026-09-19T18:08:43.381808,1789834123.3818,330,829,311,0.641,0.867,FORWARD_RIGHT
2026-09-19T18:08:43.448480,1789834123.4485,345,820,302,0.641,0.867,FORWARD_RIGHT
2026-09-19T18:08:43.515446,1789834123.5154,450,801,276,0.641,0.867,FORWARD_RIGHT
2026-09-19T18:08:43.582200,1789834123.5822,559,796,273,0.641,0.867,FORWARD_RIGHT
2026-09-19T18:08:43.648867,1789834123.6489,656,753,261,0.641,0.867,FORWARD_RIGHT
2026-09-19T18:08:43.715806,1789834123.7158,876,711,238,0.272,1.000,FORWARD_RIGHT
2026-09-19T18:08:43.782619,1789834123.7826,875,655,230,0.182,1.000,FORWARD_RIGHT
2026-09-19T18:08:43.849282,1789834123.8493,861,651,224,0.115,1.000,FORWARD
2026-09-19T18:08:43.916211,1789834123.9162,840,595,221,0.100,1.000,FORWARD
2026-09-19T18:08:43.983005,1789834123.9830,846,595,218,0.085,1.000,FORWARD
2026-09-19T18:08:44.049679,1789834124.0497,805,577,216,0.000,1.000,FORWARD
2026-09-19T18:08:44.116622,1789834124.1166,799,556,199,-0.260,1.000,FORWARD_LEFT
2026-09-19T18:08:44.183399,1789834124.1834,773,529,195,-0.260,1.000,FORWARD_LEFT
2026-09-19T18:08:44.250062,1789834124.2501,765,536,194,-0.260,1.000,FORWARD_LEFT
2026-09-19T18:08:44.316977,1789834124.3170,751,518,184,-0.260,1.000,FORWARD_LEFT
2026-09-19T18:08:44.383784,1789834124.3838,744,522,183,-0.249,1.000,FORWARD_LEFT
2026-09-19T18:08:44.450455,1789834124.4505,745,522,181,-0.249,1.000,FORWARD_LEFT
2026-09-19T18:08:44.517377,1789834124.5174,722,532,170,-0.249,1.000,FORWARD_LEFT
2026-09-19T18:08:44.584133,1789834124.5841,713,512,171,-0.249,1.000,FORWARD_LEFT
2026-09-19T18:08:44.650798,1789834124.6508,714,532,168,-0.249,1.000,FORWARD_LEFT
2026-09-19T18:08:44.717724,1789834124.7177,705,522,161,-0.279,1.000,FORWARD_LEFT
2026-09-19T18:08:44.784555,1789834124.7846,669,526,161,-0.548,0.977,FORWARD_LEFT
2026-09-19T18:08:44.851206,1789834124.8512,654,519,154,-0.727,0.841,FORWARD_LEFT
2026-09-19T18:08:44.918161,1789834124.9182,658,505,148,-0.776,0.716,FORWARD_LEFT
2026-09-19T18:08:44.984941,1789834124.9849,636,509,148,-0.836,0.648,FORWARD_LEFT
2026-09-19T18:08:45.051608,1789834125.0516,654,515,149,-0.884,0.580,FORWARD_LEFT
2026-09-19T18:08:45.118540,1789834125.1185,650,542,152,-0.888,0.568,FORWARD_LEFT
2026-09-19T18:08:45.185342,1789834125.1853,662,530,159,-0.899,0.564,FORWARD_LEFT
2026-09-19T18:08:45.252007,1789834125.2520,658,534,162,-0.877,0.644,FORWARD_LEFT
2026-09-19T18:08:45.318931,1789834125.3189,672,533,163,-0.750,0.811,FORWARD_LEFT
2026-09-19T18:08:45.385724,1789834125.3857,677,539,172,-0.761,0.818,FORWARD_LEFT
2026-09-19T18:08:45.452433,1789834125.4524,678,538,173,-0.832,0.686,FORWARD_LEFT
2026-09-19T18:08:45.519342,1789834125.5193,672,527,176,-0.839,0.659,FORWARD_LEFT
2026-09-19T18:08:45.586123,1789834125.5861,657,528,179,-0.839,0.659,FORWARD_LEFT
2026-09-19T18:08:45.652793,1789834125.6528,681,532,184,-0.839,0.659,FORWARD_LEFT
2026-09-19T18:08:45.719726,1789834125.7197,710,507,191,-0.839,0.659,FORWARD_LEFT
2026-09-19T18:08:45.786578,1789834125.7866,727,508,202,-0.839,0.644,FORWARD_LEFT
2026-09-19T18:08:45.853196,1789834125.8532,711,506,209,-0.828,0.648,FORWARD_LEFT
2026-09-19T18:08:45.920123,1789834125.9201,736,495,227,-0.828,0.648,FORWARD_LEFT
2026-09-19T18:08:45.986926,1789834125.9869,734,494,232,-0.828,0.648,FORWARD_LEFT
2026-09-19T18:08:46.053596,1789834126.0536,781,491,240,-0.828,0.648,FORWARD_LEFT
2026-09-19T18:08:46.120557,1789834126.1206,824,489,249,-0.828,0.648,FORWARD_LEFT
2026-09-19T18:08:46.187389,1789834126.1874,767,486,255,-0.828,0.648,FORWARD_LEFT
2026-09-19T18:08:46.254142,1789834126.2541,819,484,257,-0.832,0.686,FORWARD_LEFT
2026-09-19T18:08:46.320939,1789834126.3209,824,480,281,-0.832,0.686,FORWARD_LEFT
2026-09-19T18:08:46.387746,1789834126.3877,848,485,291,-0.832,0.686,FORWARD_LEFT
2026-09-19T18:08:46.454398,1789834126.4544,868,476,303,-0.832,0.686,FORWARD_LEFT
2026-09-19T18:08:46.521338,1789834126.5213,897,473,333,-0.832,0.686,FORWARD_LEFT
2026-09-19T18:08:46.588136,1789834126.5881,873,475,350,-0.832,0.686,FORWARD_LEFT
2026-09-19T18:08:46.654823,1789834126.6548,992,479,371,-0.746,0.807,FORWARD_LEFT
2026-09-19T18:08:46.721738,1789834126.7217,-1,474,419,-0.750,0.814,FORWARD_LEFT
2026-09-19T18:08:46.788546,1789834126.7885,1086,468,430,-0.750,0.814,FORWARD_LEFT
2026-09-19T18:08:46.855195,1789834126.8552,-1,479,451,-0.727,0.845,FORWARD_LEFT
2026-09-19T18:08:46.922138,1789834126.9221,-1,481,483,-0.443,0.977,FORWARD_LEFT
2026-09-19T18:08:46.988914,1789834126.9889,-1,470,473,-0.455,0.981,FORWARD_LEFT
2026-09-19T18:08:47.055600,1789834127.0556,-1,472,472,-0.455,0.981,FORWARD_LEFT
2026-09-19T18:08:47.122523,1789834127.1225,-1,464,461,-0.447,0.992,FORWARD_LEFT
2026-09-19T18:08:47.189299,1789834127.1893,907,440,444,-0.447,0.992,FORWARD_LEFT
2026-09-19T18:08:47.255956,1789834127.2560,-1,447,438,-0.462,0.992,FORWARD_LEFT
2026-09-19T18:08:47.322907,1789834127.3229,-1,433,414,-0.701,0.890,FORWARD_LEFT
2026-09-19T18:08:47.389692,1789834127.3897,-1,434,410,-0.742,0.830,FORWARD_LEFT
2026-09-19T18:08:47.456371,1789834127.4564,-1,436,395,-0.750,0.818,FORWARD_LEFT
2026-09-19T18:08:47.523330,1789834127.5233,-1,436,386,-0.750,0.818,FORWARD_LEFT
2026-09-19T18:08:47.590097,1789834127.5901,-1,441,382,-0.750,0.818,FORWARD_LEFT
2026-09-19T18:08:47.656790,1789834127.6568,-1,451,377,-0.697,0.867,FORWARD_LEFT
2026-09-19T18:08:47.723696,1789834127.7237,-1,462,367,-0.507,0.981,FORWARD_LEFT
2026-09-19T18:08:47.790463,1789834127.7905,-1,464,360,-0.507,0.981,FORWARD_LEFT
2026-09-19T18:08:47.857113,1789834127.8571,-1,473,356,-0.507,0.981,FORWARD_LEFT
2026-09-19T18:08:47.924043,1789834127.9240,-1,468,346,-0.507,0.981,FORWARD_LEFT
2026-09-19T18:08:47.990842,1789834127.9908,-1,466,337,-0.507,0.981,FORWARD_LEFT
2026-09-19T18:08:48.057494,1789834128.0575,-1,468,334,-0.507,0.981,FORWARD_LEFT
2026-09-19T18:08:48.124448,1789834128.1244,-1,466,324,-0.604,0.977,FORWARD_LEFT
2026-09-19T18:08:48.191228,1789834128.1912,-1,468,325,-0.701,0.902,FORWARD_LEFT
2026-09-19T18:08:48.257884,1789834128.2579,-1,484,315,-0.697,0.890,FORWARD_LEFT
2026-09-19T18:08:48.324820,1789834128.3248,-1,490,305,-0.697,0.890,FORWARD_LEFT
2026-09-19T18:08:48.391619,1789834128.3916,-1,504,302,-0.697,0.890,FORWARD_LEFT
2026-09-19T18:08:48.458329,1789834128.4583,487,505,300,-0.697,0.890,FORWARD_LEFT
2026-09-19T18:08:48.525305,1789834128.5253,393,539,303,-0.686,0.898,FORWARD_LEFT
2026-09-19T18:08:48.591998,1789834128.5920,376,551,304,-0.686,0.898,FORWARD_LEFT
2026-09-19T18:08:48.658728,1789834128.6587,342,573,307,-0.593,0.924,FORWARD_LEFT
2026-09-19T18:08:48.725599,1789834128.7256,299,623,306,-0.541,0.955,FORWARD_LEFT
2026-09-19T18:08:48.792392,1789834128.7924,281,672,306,-0.537,0.966,FORWARD_LEFT
2026-09-19T18:08:48.859003,1789834128.8590,261,638,312,-0.537,0.966,FORWARD_LEFT
2026-09-19T18:08:48.925950,1789834128.9260,257,674,305,-0.537,0.966,FORWARD_LEFT
2026-09-19T18:08:48.992606,1789834128.9926,259,676,305,-0.537,0.966,FORWARD_LEFT
2026-09-19T18:08:49.059476,1789834129.0595,249,699,305,-0.537,0.966,FORWARD_LEFT
2026-09-19T18:08:49.126353,1789834129.1264,246,767,306,-0.537,0.966,FORWARD_LEFT
2026-09-19T18:08:49.193060,1789834129.1931,240,765,306,-0.537,0.966,FORWARD_LEFT
2026-09-19T18:08:49.261313,1789834129.2613,228,-1,306,-0.597,0.939,FORWARD_LEFT
2026-09-19T18:08:49.326761,1789834129.3268,220,-1,312,-0.712,0.898,FORWARD_LEFT
2026-09-19T18:08:49.393411,1789834129.3934,210,-1,310,-0.739,0.833,FORWARD_LEFT
2026-09-19T18:08:49.461316,1789834129.4613,193,-1,329,-0.739,0.833,FORWARD_LEFT
2026-09-19T18:08:49.527142,1789834129.5271,180,-1,328,-0.739,0.833,FORWARD_LEFT
2026-09-19T18:08:49.593820,1789834129.5938,166,-1,345,-0.686,0.871,FORWARD_LEFT
2026-09-19T18:08:49.661314,1789834129.6613,155,-1,353,-0.660,0.902,FORWARD_LEFT
2026-09-19T18:08:49.727555,1789834129.7276,147,-1,367,-0.608,0.939,FORWARD_LEFT
2026-09-19T18:08:49.794203,1789834129.7942,138,-1,366,-0.283,1.000,FORWARD_LEFT
2026-09-19T18:08:49.863315,1789834129.8633,125,-1,386,-0.283,1.000,FORWARD_LEFT
2026-09-19T18:08:49.927956,1789834129.9280,122,-1,390,-0.186,1.000,FORWARD_LEFT
2026-09-19T18:08:49.994866,1789834129.9949,123,-1,387,-0.081,1.000,FORWARD
2026-09-19T18:08:50.062304,1789834130.0623,125,-1,392,0.000,1.000,FORWARD
2026-09-19T18:08:50.128443,1789834130.1284,126,-1,401,0.000,1.000,FORWARD
2026-09-19T18:08:50.195001,1789834130.1950,127,-1,396,0.000,1.000,FORWARD
2026-09-19T18:08:50.261991,1789834130.2620,134,-1,394,0.051,1.000,FORWARD
2026-09-19T18:08:50.328749,1789834130.3287,141,-1,395,0.062,1.000,FORWARD
2026-09-19T18:08:50.395483,1789834130.3955,140,-1,382,0.062,1.000,FORWARD
2026-09-19T18:08:50.462313,1789834130.4623,147,-1,388,0.062,1.000,FORWARD
2026-09-19T18:08:50.529204,1789834130.5292,146,-1,390,0.074,1.000,FORWARD
2026-09-19T18:08:50.595790,1789834130.5958,149,-1,383,0.074,1.000,FORWARD
2026-09-19T18:08:50.662861,1789834130.6629,154,-1,381,0.175,1.000,FORWARD_RIGHT
2026-09-19T18:08:50.729543,1789834130.7295,155,-1,383,0.186,1.000,FORWARD_RIGHT
2026-09-19T18:08:50.796273,1789834130.7963,160,-1,379,0.186,1.000,FORWARD_RIGHT
2026-09-19T18:08:50.863130,1789834130.8631,168,1246,375,0.186,1.000,FORWARD_RIGHT
2026-09-19T18:08:50.930010,1789834130.9300,172,-1,374,0.186,1.000,FORWARD_RIGHT
2026-09-19T18:08:50.996585,1789834130.9966,175,-1,362,0.186,1.000,FORWARD_RIGHT
2026-09-19T18:08:51.063565,1789834131.0636,187,-1,362,0.186,1.000,FORWARD_RIGHT
2026-09-19T18:08:51.130332,1789834131.1303,186,1194,346,0.197,1.000,FORWARD_RIGHT
2026-09-19T18:08:51.196987,1789834131.1970,193,-1,351,0.197,1.000,FORWARD_RIGHT
2026-09-19T18:08:51.263910,1789834131.2639,216,1253,343,0.197,1.000,FORWARD_RIGHT
2026-09-19T18:08:51.330725,1789834131.3307,216,1192,336,0.197,1.000,FORWARD_RIGHT
2026-09-19T18:08:51.397379,1789834131.3974,224,-1,326,0.197,1.000,FORWARD_RIGHT
2026-09-19T18:08:51.464328,1789834131.4643,243,1155,327,0.197,1.000,FORWARD_RIGHT
2026-09-19T18:08:51.531088,1789834131.5311,248,1184,311,0.186,1.000,FORWARD_RIGHT
2026-09-19T18:08:51.597770,1789834131.5978,259,1134,312,0.186,1.000,FORWARD_RIGHT
2026-09-19T18:08:51.664692,1789834131.6647,285,1094,305,0.186,1.000,FORWARD_RIGHT
2026-09-19T18:08:51.731492,1789834131.7315,285,-1,301,0.186,1.000,FORWARD_RIGHT
2026-09-19T18:08:51.798147,1789834131.7981,295,1140,300,0.186,1.000,FORWARD_RIGHT
2026-09-19T18:08:51.865071,1789834131.8651,314,1123,285,0.186,1.000,FORWARD_RIGHT
2026-09-19T18:08:51.931911,1789834131.9319,310,1003,282,0.186,1.000,FORWARD_RIGHT
2026-09-19T18:08:51.998542,1789834131.9985,340,1071,281,0.186,1.000,FORWARD_RIGHT
2026-09-19T18:08:52.065489,1789834132.0655,358,1011,266,0.186,1.000,FORWARD_RIGHT
2026-09-19T18:08:52.132271,1789834132.1323,363,943,261,0.160,1.000,FORWARD_RIGHT
2026-09-19T18:08:52.198932,1789834132.1989,380,920,264,0.000,1.000,FORWARD
2026-09-19T18:08:52.265854,1789834132.2659,386,896,251,0.000,1.000,FORWARD
2026-09-19T18:08:52.332680,1789834132.3327,395,869,250,0.000,1.000,FORWARD
2026-09-19T18:08:52.399316,1789834132.3993,413,914,245,0.000,1.000,FORWARD
2026-09-19T18:08:52.466235,1789834132.4662,452,882,243,0.000,1.000,FORWARD
2026-09-19T18:08:52.533036,1789834132.5330,475,865,237,0.000,1.000,FORWARD
2026-09-19T18:08:52.599718,1789834132.5997,474,817,233,0.000,1.000,FORWARD
2026-09-19T18:08:52.666650,1789834132.6667,561,841,230,0.000,1.000,FORWARD
2026-09-19T18:08:52.733481,1789834132.7335,626,851,222,0.000,1.000,FORWARD
2026-09-19T18:08:52.800108,1789834132.8001,648,884,223,0.000,1.000,FORWARD
2026-09-19T18:08:52.867037,1789834132.8670,815,-1,218,0.010,1.000,FORWARD
2026-09-19T18:08:52.933864,1789834132.9339,932,765,214,0.047,1.000,FORWARD
2026-09-19T18:08:53.000527,1789834133.0005,955,778,212,0.059,1.000,FORWARD
2026-09-19T18:08:53.067417,1789834133.0674,981,772,210,0.059,1.000,FORWARD
2026-09-19T18:08:53.134221,1789834133.1342,955,776,201,0.059,1.000,FORWARD
2026-09-19T18:08:53.200870,1789834133.2009,1003,758,197,0.059,1.000,FORWARD
2026-09-19T18:08:53.267802,1789834133.2678,957,759,195,0.059,1.000,FORWARD
2026-09-19T18:08:53.334604,1789834133.3346,949,697,193,0.059,1.000,FORWARD
2026-09-19T18:08:53.401269,1789834133.4013,929,699,186,0.059,1.000,FORWARD
2026-09-19T18:08:53.468188,1789834133.4682,869,688,182,0.059,1.000,FORWARD
2026-09-19T18:08:53.535004,1789834133.5350,896,704,175,0.059,1.000,FORWARD
2026-09-19T18:08:53.601645,1789834133.6016,901,678,173,0.059,1.000,FORWARD
2026-09-19T18:08:53.668620,1789834133.6686,859,663,167,0.059,1.000,FORWARD
2026-09-19T18:08:53.735446,1789834133.7354,881,672,163,0.059,1.000,FORWARD
2026-09-19T18:08:53.801997,1789834133.8020,846,650,160,0.036,1.000,FORWARD
2026-09-19T18:08:53.868935,1789834133.8689,834,605,160,0.000,1.000,FORWARD
2026-09-19T18:08:53.935756,1789834133.9358,830,607,163,-0.201,1.000,FORWARD_LEFT
2026-09-19T18:08:54.002413,1789834134.0024,797,618,159,-0.260,1.000,FORWARD_LEFT
2026-09-19T18:08:54.069354,1789834134.0694,812,607,150,-0.414,1.000,FORWARD_LEFT
2026-09-19T18:08:54.136159,1789834134.1362,780,601,146,-0.548,0.981,FORWARD_LEFT
2026-09-19T18:08:54.202801,1789834134.2028,795,609,143,-0.727,0.856,FORWARD_LEFT
2026-09-19T18:08:54.269782,1789834134.2698,759,594,140,-0.750,0.788,FORWARD_LEFT
2026-09-19T18:08:54.336558,1789834134.3366,781,606,142,-0.750,0.773,FORWARD_LEFT
2026-09-19T18:08:54.403187,1789834134.4032,765,601,143,-0.750,0.773,FORWARD_LEFT
2026-09-19T18:08:54.470126,1789834134.4701,791,608,150,-0.750,0.773,FORWARD_LEFT
2026-09-19T18:08:54.536923,1789834134.5369,797,610,151,-0.750,0.773,FORWARD_LEFT
2026-09-19T18:08:54.603588,1789834134.6036,798,609,154,-0.750,0.773,FORWARD_LEFT
2026-09-19T18:08:54.670530,1789834134.6705,788,606,162,-0.813,0.697,FORWARD_LEFT
2026-09-19T18:08:54.737287,1789834134.7373,785,606,166,-0.828,0.671,FORWARD_LEFT
2026-09-19T18:08:54.803961,1789834134.8040,783,602,168,-0.828,0.671,FORWARD_LEFT
2026-09-19T18:08:54.870847,1789834134.8708,790,604,179,-0.828,0.671,FORWARD_LEFT
2026-09-19T18:08:54.937689,1789834134.9377,827,610,183,-0.828,0.671,FORWARD_LEFT
2026-09-19T18:08:55.004357,1789834135.0044,789,596,188,-0.795,0.735,FORWARD_LEFT
2026-09-19T18:08:55.071288,1789834135.0713,810,597,205,-0.720,0.852,FORWARD_LEFT
2026-09-19T18:08:55.138060,1789834135.1381,825,583,210,-0.720,0.852,FORWARD_LEFT
2026-09-19T18:08:55.204743,1789834135.2047,824,571,217,-0.724,0.864,FORWARD_LEFT
2026-09-19T18:08:55.271658,1789834135.2717,848,569,236,-0.724,0.864,FORWARD_LEFT
2026-09-19T18:08:55.338477,1789834135.3385,829,553,244,-0.724,0.852,FORWARD_LEFT
2026-09-19T18:08:55.405120,1789834135.4051,841,557,255,-0.724,0.852,FORWARD_LEFT
2026-09-19T18:08:55.472098,1789834135.4721,868,548,299,-0.724,0.852,FORWARD_LEFT
2026-09-19T18:08:55.538875,1789834135.5389,870,538,309,-0.735,0.845,FORWARD_LEFT
2026-09-19T18:08:55.605529,1789834135.6055,917,546,321,-0.735,0.845,FORWARD_LEFT
2026-09-19T18:08:55.672460,1789834135.6725,969,538,388,-0.522,0.962,FORWARD_LEFT
2026-09-19T18:08:55.739260,1789834135.7393,963,542,421,-0.275,1.000,FORWARD_LEFT
2026-09-19T18:08:55.805916,1789834135.8059,1042,534,460,-0.253,1.000,FORWARD_LEFT
2026-09-19T18:08:55.872842,1789834135.8728,982,522,481,-0.253,1.000,FORWARD_LEFT
2026-09-19T18:08:55.939687,1789834135.9397,1034,511,487,-0.253,1.000,FORWARD_LEFT
2026-09-19T18:08:56.006311,1789834136.0063,1019,509,494,-0.253,1.000,FORWARD_LEFT
2026-09-19T18:08:56.073249,1789834136.0732,982,485,503,-0.440,1.000,FORWARD_LEFT
2026-09-19T18:08:56.140050,1789834136.1400,932,476,497,-0.582,0.943,FORWARD_LEFT
2026-09-19T18:08:56.206697,1789834136.2067,934,473,492,-0.593,0.943,FORWARD_LEFT
2026-09-19T18:08:56.273649,1789834136.2736,946,456,481,-0.593,0.943,FORWARD_LEFT
2026-09-19T18:08:56.340448,1789834136.3404,1007,459,481,-0.593,0.943,FORWARD_LEFT
2026-09-19T18:08:56.407097,1789834136.4071,961,455,466,-0.593,0.943,FORWARD_LEFT
2026-09-19T18:08:56.474019,1789834136.4740,-1,443,443,-0.593,0.943,FORWARD_LEFT
2026-09-19T18:08:56.540822,1789834136.5408,1059,442,435,-0.593,0.943,FORWARD_LEFT
2026-09-19T18:08:56.607505,1789834136.6075,-1,442,432,-0.593,0.943,FORWARD_LEFT
2026-09-19T18:08:56.674424,1789834136.6744,-1,444,407,-0.593,0.943,FORWARD_LEFT
2026-09-19T18:08:56.741196,1789834136.7412,-1,454,390,-0.582,0.947,FORWARD_LEFT
2026-09-19T18:08:56.807865,1789834136.8079,-1,442,392,-0.582,0.947,FORWARD_LEFT
2026-09-19T18:08:56.874807,1789834136.8748,-1,445,380,-0.582,0.947,FORWARD_LEFT
2026-09-19T18:08:56.941627,1789834136.9416,-1,437,369,-0.544,0.947,FORWARD_LEFT
2026-09-19T18:08:57.008272,1789834137.0083,-1,444,363,-0.533,0.962,FORWARD_LEFT
2026-09-19T18:08:57.075220,1789834137.0752,-1,460,345,-0.507,0.962,FORWARD_LEFT
2026-09-19T18:08:57.142035,1789834137.1420,-1,454,343,-0.473,0.958,FORWARD_LEFT
2026-09-19T18:08:57.208621,1789834137.2086,-1,452,342,-0.447,0.966,FORWARD_LEFT
2026-09-19T18:08:57.275603,1789834137.2756,-1,448,327,-0.436,0.966,FORWARD_LEFT
2026-09-19T18:08:57.342361,1789834137.3424,-1,447,322,-0.122,1.000,FORWARD
2026-09-19T18:08:57.411510,1789834137.4115,-1,445,309,-0.014,1.000,FORWARD
2026-09-19T18:08:57.475948,1789834137.4759,-1,431,303,-0.014,1.000,FORWARD
2026-09-19T18:08:57.542630,1789834137.5426,-1,426,294,-0.014,1.000,FORWARD
2026-09-19T18:08:57.611542,1789834137.6115,-1,395,279,-0.130,1.000,FORWARD
2026-09-19T18:08:57.676439,1789834137.6764,-1,385,266,-0.219,1.000,FORWARD_LEFT
2026-09-19T18:08:57.743196,1789834137.7432,-1,375,257,-0.287,1.000,FORWARD_LEFT
2026-09-19T18:08:57.811503,1789834137.8115,-1,355,238,-0.526,1.000,FORWARD_LEFT
2026-09-19T18:08:57.876772,1789834137.8768,-1,345,236,-0.727,0.871,FORWARD_LEFT
2026-09-19T18:08:57.943416,1789834137.9434,-1,337,231,-0.742,0.814,FORWARD_LEFT
2026-09-19T18:08:58.011535,1789834138.0115,-1,322,215,-0.742,0.814,FORWARD_LEFT
2026-09-19T18:08:58.077146,1789834138.0771,-1,331,213,-0.750,0.746,FORWARD_LEFT
2026-09-19T18:08:58.143804,1789834138.1438,-1,337,214,-0.750,0.746,FORWARD_LEFT
2026-09-19T18:08:58.211559,1789834138.2116,-1,336,212,-0.750,0.746,FORWARD_LEFT
2026-09-19T18:08:58.277566,1789834138.2776,-1,346,216,-0.750,0.746,FORWARD_LEFT
2026-09-19T18:08:58.344201,1789834138.3442,-1,343,214,-0.750,0.746,FORWARD_LEFT
2026-09-19T18:08:58.411532,1789834138.4115,1112,351,218,-0.750,0.746,FORWARD_LEFT
2026-09-19T18:08:58.477964,1789834138.4780,1043,358,217,-0.750,0.746,FORWARD_LEFT
2026-09-19T18:08:58.544586,1789834138.5446,992,375,217,-0.750,0.746,FORWARD_LEFT
2026-09-19T18:08:58.611499,1789834138.6115,808,400,224,-0.750,0.746,FORWARD_LEFT
2026-09-19T18:08:58.678295,1789834138.6783,758,392,225,-0.750,0.746,FORWARD_LEFT
2026-09-19T18:08:58.744967,1789834138.7450,739,411,224,-0.750,0.746,FORWARD_LEFT
2026-09-19T18:08:58.814535,1789834138.8145,623,438,232,-0.746,0.818,FORWARD_LEFT
2026-09-19T18:08:58.878679,1789834138.8787,595,440,237,-0.746,0.818,FORWARD_LEFT
2026-09-19T18:08:58.945362,1789834138.9454,569,481,242,-0.746,0.818,FORWARD_LEFT
2026-09-19T18:08:59.014576,1789834139.0146,499,525,248,-0.746,0.818,FORWARD_LEFT
2026-09-19T18:08:59.079066,1789834139.0791,502,564,250,-0.746,0.818,FORWARD_LEFT
2026-09-19T18:08:59.145733,1789834139.1457,469,611,257,-0.746,0.818,FORWARD_LEFT
2026-09-19T18:08:59.212668,1789834139.2127,431,611,246,-0.746,0.818,FORWARD_LEFT
2026-09-19T18:08:59.279463,1789834139.2795,411,778,244,-0.275,0.849,FORWARD_LEFT
2026-09-19T18:08:59.346126,1789834139.3461,405,813,244,-0.178,0.867,FORWARD_LEFT
2026-09-19T18:08:59.413055,1789834139.4131,377,913,242,-0.036,0.909,FORWARD
2026-09-19T18:08:59.479834,1789834139.4798,369,886,243,0.000,0.928,FORWARD
2026-09-19T18:08:59.546630,1789834139.5466,375,899,242,0.000,0.955,FORWARD
2026-09-19T18:08:59.613420,1789834139.6134,384,874,242,0.000,0.970,FORWARD
2026-09-19T18:08:59.680218,1789834139.6802,383,841,239,0.000,0.970,FORWARD
2026-09-19T18:08:59.746880,1789834139.7469,386,851,234,0.000,0.970,FORWARD
2026-09-19T18:08:59.813793,1789834139.8138,378,823,226,0.000,0.970,FORWARD
2026-09-19T18:08:59.880602,1789834139.8806,389,817,222,0.000,0.970,FORWARD
2026-09-19T18:08:59.947258,1789834139.9473,388,805,221,0.000,0.970,FORWARD
2026-09-19T18:09:00.014148,1789834140.0141,393,815,217,0.000,0.970,FORWARD
2026-09-19T18:09:00.080862,1789834140.0809,395,793,214,0.000,0.970,FORWARD
2026-09-19T18:09:00.147611,1789834140.1476,389,811,214,0.000,0.970,FORWARD
2026-09-19T18:09:00.214547,1789834140.2145,387,750,212,0.000,0.970,FORWARD
2026-09-19T18:09:00.281345,1789834140.2813,390,767,211,0.000,0.970,FORWARD
2026-09-19T18:09:00.348003,1789834140.3480,400,760,202,0.000,0.985,FORWARD
2026-09-19T18:09:00.414928,1789834140.4149,396,749,197,0.000,1.000,FORWARD
2026-09-19T18:09:00.481748,1789834140.4817,397,724,194,0.000,1.000,FORWARD
2026-09-19T18:09:00.548403,1789834140.5484,395,748,192,-0.074,1.000,FORWARD
2026-09-19T18:09:00.615310,1789834140.6153,391,698,188,-0.287,1.000,FORWARD_LEFT
2026-09-19T18:09:00.682127,1789834140.6821,393,704,182,-0.589,0.928,FORWARD_LEFT
2026-09-19T18:09:00.748774,1789834140.7488,394,708,181,-0.731,0.833,FORWARD_LEFT
2026-09-19T18:09:00.815725,1789834140.8157,387,740,181,-0.746,0.818,FORWARD_LEFT
2026-09-19T18:09:00.882506,1789834140.8825,372,766,185,-0.746,0.818,FORWARD_LEFT
2026-09-19T18:09:00.949272,1789834140.9493,355,796,192,-0.750,0.807,FORWARD_LEFT
2026-09-19T18:09:01.016140,1789834141.0161,331,840,207,-0.750,0.807,FORWARD_LEFT
2026-09-19T18:09:01.082886,1789834141.0829,327,833,212,-0.750,0.807,FORWARD_LEFT
2026-09-19T18:09:01.149529,1789834141.1495,325,817,218,-0.750,0.807,FORWARD_LEFT
2026-09-19T18:09:01.216575,1789834141.2166,295,827,238,-0.746,0.822,FORWARD_LEFT
2026-09-19T18:09:01.283341,1789834141.2833,291,848,243,-0.548,0.936,FORWARD_LEFT
2026-09-19T18:09:01.350029,1789834141.3500,286,841,251,-0.466,0.974,FORWARD_LEFT
2026-09-19T18:09:01.416913,1789834141.4169,267,823,268,-0.443,0.985,FORWARD_LEFT
2026-09-19T18:09:01.483733,1789834141.4837,273,840,266,-0.432,0.985,FORWARD_LEFT
2026-09-19T18:09:01.550376,1789834141.5504,268,828,274,-0.432,0.985,FORWARD_LEFT
2026-09-19T18:09:01.617303,1789834141.6173,255,816,280,-0.432,0.985,FORWARD_LEFT
2026-09-19T18:09:01.684109,1789834141.6841,254,802,287,-0.432,0.996,FORWARD_LEFT
2026-09-19T18:09:01.750757,1789834141.7508,249,803,293,-0.436,0.985,FORWARD_LEFT
2026-09-19T18:09:01.817698,1789834141.8177,239,799,299,-0.440,0.996,FORWARD_LEFT
2026-09-19T18:09:01.884510,1789834141.8845,240,786,299,-0.440,0.996,FORWARD_LEFT
2026-09-19T18:09:01.951151,1789834141.9512,234,770,310,-0.290,1.000,FORWARD_LEFT
2026-09-19T18:09:02.018090,1789834142.0181,223,764,318,-0.223,1.000,FORWARD_LEFT
2026-09-19T18:09:02.084865,1789834142.0849,216,773,325,-0.238,1.000,FORWARD_LEFT
2026-09-19T18:09:02.151547,1789834142.1515,217,765,328,-0.227,1.000,FORWARD_LEFT
2026-09-19T18:09:02.218477,1789834142.2185,208,739,334,-0.178,1.000,FORWARD_LEFT
2026-09-19T18:09:02.285256,1789834142.2853,205,742,330,-0.145,1.000,FORWARD
2026-09-19T18:09:02.351923,1789834142.3519,197,730,345,-0.148,1.000,FORWARD
2026-09-19T18:09:02.418791,1789834142.4188,197,716,343,-0.137,1.000,FORWARD
2026-09-19T18:09:02.485583,1789834142.4856,191,703,348,-0.115,1.000,FORWARD
2026-09-19T18:09:02.552289,1789834142.5523,187,699,345,-0.033,1.000,FORWARD
2026-09-19T18:09:02.619226,1789834142.6192,181,676,342,-0.018,1.000,FORWARD
2026-09-19T18:09:02.686020,1789834142.6860,175,665,356,0.000,1.000,FORWARD
2026-09-19T18:09:02.752664,1789834142.7527,168,660,351,0.040,1.000,FORWARD
2026-09-19T18:09:02.819678,1789834142.8197,161,638,363,0.051,1.000,FORWARD
2026-09-19T18:09:02.886416,1789834142.8864,152,621,371,0.051,1.000,FORWARD
2026-09-19T18:09:02.953058,1789834142.9531,155,613,366,0.051,1.000,FORWARD
2026-09-19T18:09:03.020030,1789834143.0200,156,597,370,0.051,1.000,FORWARD
2026-09-19T18:09:03.086810,1789834143.0868,179,587,378,0.231,1.000,FORWARD_RIGHT
2026-09-19T18:09:03.153450,1789834143.1535,280,573,379,0.268,1.000,FORWARD_RIGHT
2026-09-19T18:09:03.220378,1789834143.2204,-1,566,379,0.268,1.000,FORWARD_RIGHT
2026-09-19T18:09:03.287167,1789834143.2872,-1,553,384,0.268,1.000,FORWARD_RIGHT
2026-09-19T18:09:03.353830,1789834143.3538,-1,537,382,0.268,1.000,FORWARD_RIGHT
2026-09-19T18:09:03.420830,1789834143.4208,1242,501,365,0.268,1.000,FORWARD_RIGHT
2026-09-19T18:09:03.487596,1789834143.4876,1163,493,365,0.268,1.000,FORWARD_RIGHT
2026-09-19T18:09:03.554268,1789834143.5543,1169,488,367,0.268,1.000,FORWARD_RIGHT
2026-09-19T18:09:03.621107,1789834143.6211,1042,466,351,0.268,1.000,FORWARD_RIGHT
2026-09-19T18:09:03.687868,1789834143.6879,1003,453,357,0.268,1.000,FORWARD_RIGHT
2026-09-19T18:09:03.754483,1789834143.7545,966,436,356,0.268,1.000,FORWARD_RIGHT
2026-09-19T18:09:03.821344,1789834143.8213,902,415,343,-0.014,1.000,FORWARD
2026-09-19T18:09:03.888140,1789834143.8881,869,407,349,-0.287,1.000,FORWARD_LEFT
2026-09-19T18:09:03.954861,1789834143.9549,861,401,344,-0.653,0.920,FORWARD_LEFT
2026-09-19T18:09:04.021849,1789834144.0218,878,375,355,-0.753,0.769,FORWARD_LEFT
2026-09-19T18:09:04.088451,1789834144.0885,841,367,350,-0.757,0.720,FORWARD_LEFT
2026-09-19T18:09:04.155206,1789834144.1552,831,369,356,-0.795,0.701,FORWARD_LEFT
2026-09-19T18:09:04.222039,1789834144.2220,886,362,359,-0.795,0.701,FORWARD_LEFT
2026-09-19T18:09:04.288931,1789834144.2889,914,361,358,-0.795,0.701,FORWARD_LEFT
2026-09-19T18:09:04.355477,1789834144.3555,981,362,366,-0.795,0.701,FORWARD_LEFT
2026-09-19T18:09:04.422413,1789834144.4224,-1,367,355,-0.750,0.814,FORWARD_LEFT
2026-09-19T18:09:04.489228,1789834144.4892,1234,363,360,-0.697,0.860,FORWARD_LEFT
2026-09-19T18:09:04.555987,1789834144.5560,-1,371,340,-0.709,0.860,FORWARD_LEFT
2026-09-19T18:09:04.622903,1789834144.6229,-1,370,331,-0.709,0.860,FORWARD_LEFT
2026-09-19T18:09:04.689774,1789834144.6898,-1,370,328,-0.709,0.860,FORWARD_LEFT
2026-09-19T18:09:04.756383,1789834144.7564,-1,376,318,-0.709,0.860,FORWARD_LEFT
2026-09-19T18:09:04.823311,1789834144.8233,-1,374,305,-0.709,0.860,FORWARD_LEFT
2026-09-19T18:09:04.890097,1789834144.8901,-1,385,304,-0.709,0.860,FORWARD_LEFT
2026-09-19T18:09:04.956767,1789834144.9568,-1,379,295,-0.709,0.860,FORWARD_LEFT
2026-09-19T18:09:05.023742,1789834145.0237,-1,388,293,-0.709,0.860,FORWARD_LEFT
2026-09-19T18:09:05.090542,1789834145.0905,-1,391,288,-0.739,0.833,FORWARD_LEFT
2026-09-19T18:09:05.157156,1789834145.1572,-1,395,283,-0.746,0.799,FORWARD_LEFT
2026-09-19T18:09:05.224103,1789834145.2241,-1,409,278,-0.750,0.788,FORWARD_LEFT
2026-09-19T18:09:05.290930,1789834145.2909,-1,413,276,-0.753,0.777,FORWARD_LEFT
2026-09-19T18:09:05.357614,1789834145.3576,-1,432,278,-0.753,0.777,FORWARD_LEFT
2026-09-19T18:09:05.424484,1789834145.4245,-1,456,275,-0.753,0.777,FORWARD_LEFT
2026-09-19T18:09:05.491514,1789834145.4915,-1,463,272,-0.731,0.822,FORWARD_LEFT
2026-09-19T18:09:05.559105,1789834145.5591,-1,486,277,-0.384,0.989,FORWARD_LEFT
2026-09-19T18:09:05.626034,1789834145.6260,-1,506,278,-0.283,1.000,FORWARD_LEFT
2026-09-19T18:09:05.692646,1789834145.6926,1213,501,275,-0.283,1.000,FORWARD_LEFT
2026-09-19T18:09:05.760764,1789834145.7608,1154,511,269,-0.294,1.000,FORWARD_LEFT
2026-09-19T18:09:05.826362,1789834145.8264,1148,495,263,-0.492,1.000,FORWARD_LEFT
2026-09-19T18:09:05.892994,1789834145.8930,1228,497,262,-0.548,0.977,FORWARD_LEFT
2026-09-19T18:09:05.961722,1789834145.9617,1143,493,250,-0.600,0.951,FORWARD_LEFT
2026-09-19T18:09:06.026729,1789834146.0267,-1,502,244,-0.656,0.905,FORWARD_LEFT
2026-09-19T18:09:06.093407,1789834146.0934,1024,509,247,-0.701,0.867,FORWARD_LEFT
2026-09-19T18:09:06.161758,1789834146.1618,830,544,247,-0.701,0.867,FORWARD_LEFT
2026-09-19T18:09:06.227036,1789834146.2270,727,560,249,-0.701,0.867,FORWARD_LEFT
2026-09-19T18:09:06.293739,1789834146.2937,709,594,251,-0.727,0.837,FORWARD_LEFT
2026-09-19T18:09:06.360760,1789834146.3608,578,627,258,-0.746,0.811,FORWARD_LEFT
2026-09-19T18:09:06.427414,1789834146.4274,576,640,259,-0.753,0.784,FORWARD_LEFT
2026-09-19T18:09:06.494047,1789834146.4940,558,680,262,-0.750,0.777,FORWARD_LEFT
2026-09-19T18:09:06.561771,1789834146.5618,512,762,274,-0.761,0.773,FORWARD_LEFT
2026-09-19T18:09:06.627812,1789834146.6278,490,817,279,-0.518,0.875,FORWARD_LEFT
2026-09-19T18:09:06.694516,1789834146.6945,480,926,281,-0.290,0.970,FORWARD_LEFT
2026-09-19T18:09:06.761358,1789834146.7614,443,1109,293,-0.283,0.981,FORWARD_LEFT
2026-09-19T18:09:06.828140,1789834146.8281,435,1156,293,-0.283,0.992,FORWARD_LEFT
2026-09-19T18:09:06.894747,1789834146.8947,440,1225,292,-0.283,0.992,FORWARD_LEFT
2026-09-19T18:09:06.963737,1789834146.9637,433,1165,289,-0.283,0.992,FORWARD_LEFT
2026-09-19T18:09:07.028576,1789834147.0286,444,1159,287,-0.272,0.996,FORWARD_LEFT
2026-09-19T18:09:07.095263,1789834147.0953,440,1182,286,-0.272,0.996,FORWARD_LEFT
2026-09-19T18:09:07.162190,1789834147.1622,442,1153,285,-0.272,0.996,FORWARD_LEFT
2026-09-19T18:09:07.228952,1789834147.2290,448,1221,281,-0.272,0.996,FORWARD_LEFT
2026-09-19T18:09:07.295499,1789834147.2955,445,1212,285,-0.369,0.996,FORWARD_LEFT
2026-09-19T18:09:07.362421,1789834147.3624,440,1215,285,-0.522,0.996,FORWARD_LEFT
2026-09-19T18:09:07.429261,1789834147.4293,433,1178,285,-0.544,1.000,FORWARD_LEFT
2026-09-19T18:09:07.495950,1789834147.4959,433,1219,283,-0.660,0.920,FORWARD_LEFT
2026-09-19T18:09:07.562813,1789834147.5628,422,1214,293,-0.727,0.849,FORWARD_LEFT
2026-09-19T18:09:07.629704,1789834147.6297,413,1208,294,-0.742,0.822,FORWARD_LEFT
2026-09-19T18:09:07.696381,1789834147.6964,379,1224,306,-0.753,0.792,FORWARD_LEFT
2026-09-19T18:09:07.763291,1789834147.7633,358,1241,337,-0.780,0.712,FORWARD_LEFT
2026-09-19T18:09:07.830075,1789834147.8301,345,1203,343,-0.839,0.686,FORWARD_LEFT
2026-09-19T18:09:07.896743,1789834147.8967,328,1233,372,-0.832,0.667,FORWARD_LEFT
2026-09-19T18:09:07.963882,1789834147.9639,314,1199,393,-0.832,0.667,FORWARD_LEFT
2026-09-19T18:09:08.030491,1789834148.0305,304,1201,411,-0.832,0.667,FORWARD_LEFT
2026-09-19T18:09:08.097108,1789834148.0971,288,1180,435,-0.832,0.655,FORWARD_LEFT
2026-09-19T18:09:08.164040,1789834148.1640,273,1192,473,-0.824,0.705,FORWARD_LEFT
2026-09-19T18:09:08.230813,1789834148.2308,259,1222,468,-0.697,0.860,FORWARD_LEFT
2026-09-19T18:09:08.297476,1789834148.2975,253,1226,506,-0.597,0.917,FORWARD_LEFT
2026-09-19T18:09:08.365785,1789834148.3658,239,1120,567,-0.608,0.924,FORWARD_LEFT
2026-09-19T18:09:08.431186,1789834148.4312,226,1136,615,-0.608,0.924,FORWARD_LEFT
2026-09-19T18:09:08.497705,1789834148.4977,221,1112,633,-0.608,0.924,FORWARD_LEFT
2026-09-19T18:09:08.564713,1789834148.5647,212,1043,670,-0.608,0.924,FORWARD_LEFT
2026-09-19T18:09:08.631513,1789834148.6315,201,956,704,-0.608,0.924,FORWARD_LEFT
2026-09-19T18:09:08.698217,1789834148.6982,200,894,744,-0.593,0.943,FORWARD_LEFT
2026-09-19T18:09:08.765154,1789834148.7652,181,667,839,-0.369,0.974,FORWARD_LEFT
2026-09-19T18:09:08.831866,1789834148.8319,178,616,906,-0.115,1.000,FORWARD
2026-09-19T18:09:08.898605,1789834148.8986,170,542,997,0.055,1.000,FORWARD
2026-09-19T18:09:08.965522,1789834148.9655,165,497,971,0.160,1.000,FORWARD_RIGHT
2026-09-19T18:09:09.032377,1789834149.0324,167,512,959,0.384,1.000,FORWARD_RIGHT
2026-09-19T18:09:09.098984,1789834149.0990,161,517,975,0.384,1.000,FORWARD_RIGHT
2026-09-19T18:09:09.165912,1789834149.1659,149,518,968,0.384,1.000,FORWARD_RIGHT
2026-09-19T18:09:09.232744,1789834149.2327,147,536,974,0.384,1.000,FORWARD_RIGHT
2026-09-19T18:09:09.299467,1789834149.2995,146,534,935,0.384,1.000,FORWARD_RIGHT
2026-09-19T18:09:09.366384,1789834149.3664,143,646,873,0.384,1.000,FORWARD_RIGHT
2026-09-19T18:09:09.433153,1789834149.4332,141,695,867,0.384,1.000,FORWARD_RIGHT
2026-09-19T18:09:09.499824,1789834149.4998,142,796,843,0.384,1.000,FORWARD_RIGHT
2026-09-19T18:09:09.566737,1789834149.5667,141,837,803,0.384,1.000,FORWARD_RIGHT
2026-09-19T18:09:09.633570,1789834149.6336,141,857,771,0.384,1.000,FORWARD_RIGHT
2026-09-19T18:09:09.700206,1789834149.7002,142,901,807,0.384,1.000,FORWARD_RIGHT
2026-09-19T18:09:09.767159,1789834149.7672,135,909,784,0.384,1.000,FORWARD_RIGHT
2026-09-19T18:09:09.833934,1789834149.8339,134,921,774,0.384,1.000,FORWARD_RIGHT
2026-09-19T18:09:09.900624,1789834149.9006,136,938,751,0.384,1.000,FORWARD_RIGHT
2026-09-19T18:09:09.967552,1789834149.9676,142,959,713,0.384,1.000,FORWARD_RIGHT
2026-09-19T18:09:10.034333,1789834150.0343,138,938,723,0.384,1.000,FORWARD_RIGHT
2026-09-19T18:09:10.100984,1789834150.1010,137,923,701,0.384,1.000,FORWARD_RIGHT
2026-09-19T18:09:10.167927,1789834150.1679,136,930,694,0.384,1.000,FORWARD_RIGHT
2026-09-19T18:09:10.234740,1789834150.2347,138,911,698,0.384,1.000,FORWARD_RIGHT
2026-09-19T18:09:10.301404,1789834150.3014,138,901,680,0.384,1.000,FORWARD_RIGHT
2026-09-19T18:09:10.368312,1789834150.3683,147,899,649,0.384,1.000,FORWARD_RIGHT
2026-09-19T18:09:10.435136,1789834150.4351,148,869,634,0.384,1.000,FORWARD_RIGHT
2026-09-19T18:09:10.501800,1789834150.5018,159,878,614,0.384,1.000,FORWARD_RIGHT
2026-09-19T18:09:10.568745,1789834150.5687,152,859,611,0.384,1.000,FORWARD_RIGHT
2026-09-19T18:09:10.635523,1789834150.6355,156,841,619,0.384,1.000,FORWARD_RIGHT
2026-09-19T18:09:10.702174,1789834150.7022,160,833,592,0.384,1.000,FORWARD_RIGHT
2026-09-19T18:09:10.769116,1789834150.7691,161,828,598,0.384,1.000,FORWARD_RIGHT
2026-09-19T18:09:10.835909,1789834150.8359,164,810,576,0.384,1.000,FORWARD_RIGHT
2026-09-19T18:09:10.902584,1789834150.9026,167,800,577,0.384,1.000,FORWARD_RIGHT
2026-09-19T18:09:10.969520,1789834150.9695,170,791,557,0.384,1.000,FORWARD_RIGHT
2026-09-19T18:09:11.036313,1789834151.0363,175,785,553,0.384,1.000,FORWARD_RIGHT
2026-09-19T18:09:11.102969,1789834151.1030,180,772,543,0.384,1.000,FORWARD_RIGHT
2026-09-19T18:09:11.169902,1789834151.1699,187,757,545,0.384,1.000,FORWARD_RIGHT
2026-09-19T18:09:11.236719,1789834151.2367,200,745,530,0.384,1.000,FORWARD_RIGHT
2026-09-19T18:09:11.303379,1789834151.3034,203,733,520,0.384,1.000,FORWARD_RIGHT
2026-09-19T18:09:11.370291,1789834151.3703,213,722,508,0.384,1.000,FORWARD_RIGHT
2026-09-19T18:09:11.437128,1789834151.4371,222,723,501,0.384,1.000,FORWARD_RIGHT
2026-09-19T18:09:11.503758,1789834151.5038,233,726,478,0.384,1.000,FORWARD_RIGHT
2026-09-19T18:09:11.570690,1789834151.5707,266,699,470,0.107,1.000,FORWARD
2026-09-19T18:09:11.637537,1789834151.6375,280,691,454,-0.014,1.000,FORWARD
2026-09-19T18:09:11.704161,1789834151.7042,320,687,450,-0.141,1.000,FORWARD
2026-09-19T18:09:11.771112,1789834151.7711,481,669,451,-0.156,1.000,FORWARD_LEFT
2026-09-19T18:09:11.837925,1789834151.8379,559,653,452,-0.163,1.000,FORWARD_LEFT
2026-09-19T18:09:11.904599,1789834151.9046,658,640,447,-0.163,1.000,FORWARD_LEFT
2026-09-19T18:09:11.971537,1789834151.9715,805,617,436,-0.163,1.000,FORWARD_LEFT
2026-09-19T18:09:12.038382,1789834152.0384,806,605,433,-0.163,1.000,FORWARD_LEFT
2026-09-19T18:09:12.104968,1789834152.1050,797,602,444,-0.163,1.000,FORWARD_LEFT
2026-09-19T18:09:12.171981,1789834152.1720,768,568,445,-0.163,1.000,FORWARD_LEFT
2026-09-19T18:09:12.238708,1789834152.2387,770,563,444,-0.163,1.000,FORWARD_LEFT
2026-09-19T18:09:12.305429,1789834152.3054,761,554,441,-0.163,1.000,FORWARD_LEFT
2026-09-19T18:09:12.372307,1789834152.3723,726,528,445,-0.163,1.000,FORWARD_LEFT
2026-09-19T18:09:12.439115,1789834152.4391,719,524,429,-0.163,1.000,FORWARD_LEFT
2026-09-19T18:09:12.505756,1789834152.5058,711,510,439,-0.253,1.000,FORWARD_LEFT
2026-09-19T18:09:12.572728,1789834152.5727,681,489,433,-0.298,1.000,FORWARD_LEFT
2026-09-19T18:09:12.639551,1789834152.6396,660,477,439,-0.529,1.000,FORWARD_LEFT
2026-09-19T18:09:12.706154,1789834152.7062,649,472,441,-0.604,0.970,FORWARD_LEFT
2026-09-19T18:09:12.773080,1789834152.7731,638,444,458,-0.597,0.955,FORWARD_LEFT
2026-09-19T18:09:12.839877,1789834152.8399,641,439,456,-0.608,0.951,FORWARD_LEFT
2026-09-19T18:09:12.906661,1789834152.9067,642,421,459,-0.608,0.951,FORWARD_LEFT
2026-09-19T18:09:12.973490,1789834152.9735,633,415,484,-0.608,0.951,FORWARD_LEFT
2026-09-19T18:09:13.040287,1789834153.0403,634,412,492,-0.608,0.951,FORWARD_LEFT
2026-09-19T18:09:13.106920,1789834153.1069,655,397,516,-0.608,0.951,FORWARD_LEFT
2026-09-19T18:09:13.173862,1789834153.1739,673,392,516,-0.608,0.951,FORWARD_LEFT
2026-09-19T18:09:13.240672,1789834153.2407,687,387,513,-0.608,0.939,FORWARD_LEFT
2026-09-19T18:09:13.307372,1789834153.3074,678,377,497,-0.608,0.939,FORWARD_LEFT
2026-09-19T18:09:13.374265,1789834153.3743,700,364,483,-0.608,0.939,FORWARD_LEFT
2026-09-19T18:09:13.441092,1789834153.4411,717,358,468,-0.608,0.939,FORWARD_LEFT
2026-09-19T18:09:13.507676,1789834153.5077,698,353,442,-0.608,0.936,FORWARD_LEFT
2026-09-19T18:09:13.574535,1789834153.5745,748,344,412,-0.608,0.936,FORWARD_LEFT
2026-09-19T18:09:13.641426,1789834153.6414,743,341,397,-0.619,0.932,FORWARD_LEFT
2026-09-19T18:09:13.708085,1789834153.7081,741,335,376,-0.619,0.932,FORWARD_LEFT
2026-09-19T18:09:13.774971,1789834153.7750,790,326,368,-0.619,0.932,FORWARD_LEFT
2026-09-19T18:09:13.841660,1789834153.8417,814,321,346,-0.619,0.932,FORWARD_LEFT
2026-09-19T18:09:13.908376,1789834153.9084,824,319,340,-0.619,0.932,FORWARD_LEFT
2026-09-19T18:09:13.975252,1789834153.9753,965,318,323,-0.619,0.932,FORWARD_LEFT
2026-09-19T18:09:14.042147,1789834154.0421,968,310,304,-0.619,0.932,FORWARD_LEFT
2026-09-19T18:09:14.108766,1789834154.1088,1000,311,303,-0.619,0.932,FORWARD_LEFT
2026-09-19T18:09:14.175742,1789834154.1757,1086,306,285,-0.619,0.932,FORWARD_LEFT
2026-09-19T18:09:14.242402,1789834154.2424,1202,305,276,-0.619,0.932,FORWARD_LEFT
2026-09-19T18:09:14.309194,1789834154.3092,1213,303,269,-0.619,0.932,FORWARD_LEFT
2026-09-19T18:09:14.376172,1789834154.3762,1252,301,256,-0.753,0.750,FORWARD_LEFT
2026-09-19T18:09:14.442795,1789834154.4428,1237,295,251,-0.836,0.678,FORWARD_LEFT
2026-09-19T18:09:14.510986,1789834154.5110,-1,304,243,-0.832,0.663,FORWARD_LEFT
2026-09-19T18:09:14.576529,1789834154.5765,-1,306,238,-0.832,0.663,FORWARD_LEFT
2026-09-19T18:09:14.643186,1789834154.6432,1237,312,238,-0.832,0.663,FORWARD_LEFT
2026-09-19T18:09:14.711974,1789834154.7120,-1,322,235,-0.832,0.663,FORWARD_LEFT
2026-09-19T18:09:14.776946,1789834154.7769,-1,338,232,-0.768,0.731,FORWARD_LEFT
2026-09-19T18:09:14.843609,1789834154.8436,-1,340,229,-0.529,0.970,FORWARD_LEFT
2026-09-19T18:09:14.911985,1789834154.9120,-1,351,227,-0.492,0.977,FORWARD_LEFT
2026-09-19T18:09:14.977338,1789834154.9773,-1,369,228,-0.488,0.981,FORWARD_LEFT
2026-09-19T18:09:15.043975,1789834155.0440,1252,358,225,-0.477,0.981,FORWARD_LEFT
2026-09-19T18:09:15.111100,1789834155.1111,1225,369,217,-0.477,0.981,FORWARD_LEFT
2026-09-19T18:09:15.177747,1789834155.1777,1260,362,211,-0.477,0.981,FORWARD_LEFT
2026-09-19T18:09:15.244381,1789834155.2444,1241,371,206,-0.477,0.981,FORWARD_LEFT
2026-09-19T18:09:15.311961,1789834155.3120,-1,358,199,-0.526,0.981,FORWARD_LEFT
2026-09-19T18:09:15.378147,1789834155.3781,1186,366,197,-0.604,0.913,FORWARD_LEFT
2026-09-19T18:09:15.444806,1789834155.4448,1205,363,194,-0.630,0.898,FORWARD_LEFT
2026-09-19T18:09:15.511782,1789834155.5118,1119,392,192,-0.720,0.841,FORWARD_LEFT
2026-09-19T18:09:15.578543,1789834155.5785,1119,405,189,-0.757,0.720,FORWARD_LEFT
2026-09-19T18:09:15.645212,1789834155.6452,1003,416,190,-0.780,0.682,FORWARD_LEFT
2026-09-19T18:09:15.712133,1789834155.7121,948,459,195,-0.791,0.674,FORWARD_LEFT
2026-09-19T18:09:15.778930,1789834155.7789,838,480,199,-0.791,0.674,FORWARD_LEFT
2026-09-19T18:09:15.845615,1789834155.8456,715,483,198,-0.746,0.777,FORWARD_LEFT
2026-09-19T18:09:15.912532,1789834155.9125,617,515,204,-0.600,0.883,FORWARD_LEFT
2026-09-19T18:09:15.979331,1789834155.9793,595,528,208,-0.600,0.894,FORWARD_LEFT
2026-09-19T18:09:16.045978,1789834156.0460,545,553,209,-0.600,0.894,FORWARD_LEFT
2026-09-19T18:09:16.112860,1789834156.1129,509,623,213,-0.600,0.894,FORWARD_LEFT
2026-09-19T18:09:16.179682,1789834156.1797,493,626,217,-0.600,0.894,FORWARD_LEFT
2026-09-19T18:09:16.246348,1789834156.2463,475,658,217,-0.600,0.894,FORWARD_LEFT
2026-09-19T18:09:16.313275,1789834156.3133,452,792,226,-0.548,0.955,FORWARD_LEFT
2026-09-19T18:09:16.380090,1789834156.3801,429,830,230,-0.533,0.962,FORWARD_LEFT
2026-09-19T18:09:16.446738,1789834156.4467,415,897,236,-0.533,0.974,FORWARD_LEFT
2026-09-19T18:09:16.513662,1789834156.5137,395,953,243,-0.533,0.974,FORWARD_LEFT
2026-09-19T18:09:16.580468,1789834156.5805,380,1026,245,-0.533,0.974,FORWARD_LEFT
2026-09-19T18:09:16.647135,1789834156.6471,384,1043,249,-0.204,0.970,FORWARD_LEFT
2026-09-19T18:09:16.714083,1789834156.7141,368,1026,250,-0.126,0.974,FORWARD
2026-09-19T18:09:16.780917,1789834156.7809,362,1029,255,-0.126,0.985,FORWARD
2026-09-19T18:09:16.847587,1789834156.8476,356,1022,257,-0.268,0.996,FORWARD_LEFT
2026-09-19T18:09:16.914488,1789834156.9145,361,998,263,-0.313,1.000,FORWARD_LEFT
2026-09-19T18:09:16.981282,1789834156.9813,365,1005,256,-0.324,1.000,FORWARD_LEFT
2026-09-19T18:09:17.047961,1789834157.0480,362,1003,263,-0.279,1.000,FORWARD_LEFT
2026-09-19T18:09:17.114877,1789834157.1149,355,968,264,-0.118,1.000,FORWARD
2026-09-19T18:09:17.181778,1789834157.1818,355,943,265,-0.040,1.000,FORWARD
2026-09-19T18:09:17.248343,1789834157.2483,367,944,266,-0.014,1.000,FORWARD
2026-09-19T18:09:17.315255,1789834157.3153,366,949,264,0.000,1.000,FORWARD
2026-09-19T18:09:17.382046,1789834157.3820,368,925,256,0.000,1.000,FORWARD
2026-09-19T18:09:17.448566,1789834157.4486,377,913,253,0.000,1.000,FORWARD
2026-09-19T18:09:17.515605,1789834157.5156,377,888,248,0.040,1.000,FORWARD
2026-09-19T18:09:17.582373,1789834157.5824,380,886,243,0.055,1.000,FORWARD
2026-09-19T18:09:17.649056,1789834157.6491,379,880,239,0.092,1.000,FORWARD
2026-09-19T18:09:17.715984,1789834157.7160,381,863,242,0.167,1.000,FORWARD_RIGHT
2026-09-19T18:09:17.782889,1789834157.7829,389,838,241,0.167,1.000,FORWARD_RIGHT
2026-09-19T18:09:17.849479,1789834157.8495,401,837,247,0.156,1.000,FORWARD_RIGHT
2026-09-19T18:09:17.916457,1789834157.9165,424,808,254,0.156,1.000,FORWARD_RIGHT
2026-09-19T18:09:17.983168,1789834157.9832,436,794,244,0.104,1.000,FORWARD
2026-09-19T18:09:18.049850,1789834158.0498,483,778,244,0.000,1.000,FORWARD
2026-09-19T18:09:18.116751,1789834158.1168,516,775,238,0.000,1.000,FORWARD
2026-09-19T18:09:18.183576,1789834158.1836,543,764,243,0.000,1.000,FORWARD
2026-09-19T18:09:18.250209,1789834158.2502,633,753,237,0.000,1.000,FORWARD
2026-09-19T18:09:18.317154,1789834158.3172,744,731,233,0.000,1.000,FORWARD
2026-09-19T18:09:18.383946,1789834158.3839,783,723,234,0.000,1.000,FORWARD
2026-09-19T18:09:18.450684,1789834158.4507,850,707,232,0.000,1.000,FORWARD
2026-09-19T18:09:18.517553,1789834158.5176,828,706,224,0.000,1.000,FORWARD
2026-09-19T18:09:18.584468,1789834158.5845,910,672,229,0.000,1.000,FORWARD
2026-09-19T18:09:18.651032,1789834158.6510,899,670,224,-0.171,1.000,FORWARD_LEFT
2026-09-19T18:09:18.717954,1789834158.7180,861,639,221,-0.223,1.000,FORWARD_LEFT
2026-09-19T18:09:18.784777,1789834158.7848,819,637,221,-0.287,1.000,FORWARD_LEFT
2026-09-19T18:09:18.851474,1789834158.8515,822,635,223,-0.294,1.000,FORWARD_LEFT
2026-09-19T18:09:18.918372,1789834158.9184,846,604,217,-0.302,1.000,FORWARD_LEFT
2026-09-19T18:09:18.985151,1789834158.9852,801,600,220,-0.298,1.000,FORWARD_LEFT
2026-09-19T18:09:19.051866,1789834159.0519,796,590,218,-0.298,1.000,FORWARD_LEFT
2026-09-19T18:09:19.118783,1789834159.1188,798,573,221,-0.298,1.000,FORWARD_LEFT
2026-09-19T18:09:19.185551,1789834159.1856,760,559,220,0.000,1.000,FORWARD
2026-09-19T18:09:19.252248,1789834159.2522,761,550,226,0.059,1.000,FORWARD
2026-09-19T18:09:19.319164,1789834159.3192,737,533,223,0.077,1.000,FORWARD
2026-09-19T18:09:19.386003,1789834159.3860,714,516,226,0.077,1.000,FORWARD
2026-09-19T18:09:19.452652,1789834159.4527,712,507,218,0.077,1.000,FORWARD
2026-09-19T18:09:19.519636,1789834159.5196,673,497,219,0.089,1.000,FORWARD
2026-09-19T18:09:19.586361,1789834159.5864,657,485,215,0.089,1.000,FORWARD
2026-09-19T18:09:19.653035,1789834159.6530,663,481,211,0.089,1.000,FORWARD
2026-09-19T18:09:19.719903,1789834159.7199,641,451,212,0.089,1.000,FORWARD
2026-09-19T18:09:19.786803,1789834159.7868,629,450,208,-0.118,1.000,FORWARD
2026-09-19T18:09:19.853434,1789834159.8534,595,439,208,-0.182,1.000,FORWARD_LEFT
2026-09-19T18:09:19.920486,1789834159.9205,573,417,206,-0.193,1.000,FORWARD_LEFT
2026-09-19T18:09:19.987154,1789834159.9872,561,401,209,-0.287,1.000,FORWARD_LEFT
2026-09-19T18:09:20.053879,1789834160.0539,570,393,210,-0.537,0.989,FORWARD_LEFT
2026-09-19T18:09:20.120770,1789834160.1208,531,371,208,-0.727,0.830,FORWARD_LEFT
2026-09-19T18:09:20.187595,1789834160.1876,529,358,213,-0.836,0.618,FORWARD_LEFT
2026-09-19T18:09:20.254247,1789834160.2542,517,357,214,-0.981,0.417,FORWARD_LEFT
2026-09-19T18:09:20.321189,1789834160.3212,518,333,226,-1.000,0.193,FORWARD_LEFT
2026-09-19T18:09:20.387931,1789834160.3879,521,337,235,-1.000,0.152,FORWARD_LEFT
2026-09-19T18:09:20.454625,1789834160.4546,537,337,238,-1.000,0.152,FORWARD_LEFT
2026-09-19T18:09:20.521543,1789834160.5215,535,337,235,-0.974,0.466,FORWARD_LEFT
2026-09-19T18:09:20.588341,1789834160.5883,509,336,237,-0.694,0.852,FORWARD_LEFT
2026-09-19T18:09:20.654992,1789834160.6550,529,330,237,-0.694,0.856,FORWARD_LEFT
2026-09-19T18:09:20.721911,1789834160.7219,538,332,256,-0.727,0.833,FORWARD_LEFT
2026-09-19T18:09:20.788736,1789834160.7887,543,327,264,-0.750,0.746,FORWARD_LEFT
2026-09-19T18:09:20.855400,1789834160.8554,544,319,270,-0.761,0.671,FORWARD_LEFT
2026-09-19T18:09:20.922352,1789834160.9224,546,310,310,-0.821,0.602,FORWARD_LEFT
2026-09-19T18:09:20.989109,1789834160.9891,594,311,314,-0.836,0.576,FORWARD_LEFT
2026-09-19T18:09:21.055784,1789834161.0558,570,305,330,-0.836,0.576,FORWARD_LEFT
2026-09-19T18:09:21.122741,1789834161.1227,629,306,346,-0.824,0.576,FORWARD_LEFT
2026-09-19T18:09:21.189548,1789834161.1895,657,299,356,-0.824,0.576,FORWARD_LEFT
2026-09-19T18:09:21.256179,1789834161.2562,682,297,352,-0.824,0.576,FORWARD_LEFT
2026-09-19T18:09:21.323087,1789834161.3231,702,303,339,-0.824,0.576,FORWARD_LEFT
2026-09-19T18:09:21.389914,1789834161.3899,769,298,341,-0.824,0.576,FORWARD_LEFT
2026-09-19T18:09:21.456566,1789834161.4566,-1,303,334,-0.824,0.576,FORWARD_LEFT
2026-09-19T18:09:21.523504,1789834161.5235,789,303,318,-0.824,0.576,FORWARD_LEFT
2026-09-19T18:09:21.590261,1789834161.5903,878,297,315,-0.824,0.576,FORWARD_LEFT
2026-09-19T18:09:21.656940,1789834161.6569,-1,301,303,-0.824,0.576,FORWARD_LEFT
2026-09-19T18:09:21.723881,1789834161.7239,-1,299,292,-0.824,0.576,FORWARD_LEFT
2026-09-19T18:09:21.790898,1789834161.7909,-1,304,294,-0.821,0.618,FORWARD_LEFT
2026-09-19T18:09:21.857475,1789834161.8575,-1,303,287,-0.821,0.640,FORWARD_LEFT
2026-09-19T18:09:21.924406,1789834161.9244,-1,308,280,-0.821,0.640,FORWARD_LEFT
2026-09-19T18:09:21.991175,1789834161.9912,-1,307,280,-0.821,0.640,FORWARD_LEFT
2026-09-19T18:09:22.057832,1789834162.0578,-1,311,269,-0.817,0.652,FORWARD_LEFT
2026-09-19T18:09:22.124784,1789834162.1248,-1,322,260,-0.817,0.652,FORWARD_LEFT
2026-09-19T18:09:22.191590,1789834162.1916,-1,324,261,-0.817,0.652,FORWARD_LEFT
2026-09-19T18:09:22.258166,1789834162.2582,-1,324,256,-0.817,0.652,FORWARD_LEFT
2026-09-19T18:09:22.325176,1789834162.3252,-1,333,261,-0.817,0.652,FORWARD_LEFT
2026-09-19T18:09:22.391805,1789834162.3918,-1,343,255,-0.817,0.652,FORWARD_LEFT
2026-09-19T18:09:22.461166,1789834162.4612,-1,347,246,-0.776,0.705,FORWARD_LEFT
2026-09-19T18:09:22.525549,1789834162.5255,-1,357,246,-0.776,0.705,FORWARD_LEFT
2026-09-19T18:09:22.592225,1789834162.5922,-1,366,243,-0.772,0.716,FORWARD_LEFT
2026-09-19T18:09:22.661204,1789834162.6612,-1,379,239,-0.761,0.731,FORWARD_LEFT
2026-09-19T18:09:22.725977,1789834162.7260,-1,397,243,-0.761,0.731,FORWARD_LEFT
2026-09-19T18:09:22.792624,1789834162.7926,-1,404,236,-0.761,0.731,FORWARD_LEFT
2026-09-19T18:09:22.861203,1789834162.8612,-1,411,240,-0.761,0.731,FORWARD_LEFT
2026-09-19T18:09:22.926388,1789834162.9264,696,436,242,-0.761,0.731,FORWARD_LEFT
2026-09-19T18:09:22.993160,1789834162.9932,659,452,240,-0.724,0.822,FORWARD_LEFT
2026-09-19T18:09:23.060218,1789834163.0602,524,498,244,-0.578,0.947,FORWARD_LEFT
2026-09-19T18:09:23.126779,1789834163.1268,494,493,247,-0.578,0.947,FORWARD_LEFT
2026-09-19T18:09:23.193394,1789834163.1934,433,540,246,-0.578,0.947,FORWARD_LEFT
2026-09-19T18:09:23.260314,1789834163.2603,392,558,246,-0.537,0.962,FORWARD_LEFT
2026-09-19T18:09:23.327113,1789834163.3271,383,570,251,-0.447,0.981,FORWARD_LEFT
2026-09-19T18:09:23.393793,1789834163.3938,376,584,249,-0.443,0.977,FORWARD_LEFT
2026-09-19T18:09:23.461196,1789834163.4612,386,591,241,-0.443,0.977,FORWARD_LEFT
2026-09-19T18:09:23.527521,1789834163.5275,376,614,240,-0.443,0.977,FORWARD_LEFT
2026-09-19T18:09:23.594171,1789834163.5942,375,600,237,-0.522,0.989,FORWARD_LEFT
2026-09-19T18:09:23.661101,1789834163.6611,370,636,238,-0.552,0.974,FORWARD_LEFT
2026-09-19T18:09:23.727912,1789834163.7279,361,657,239,-0.552,0.962,FORWARD_LEFT
2026-09-19T18:09:23.794600,1789834163.7946,340,663,236,-0.552,0.962,FORWARD_LEFT
2026-09-19T18:09:23.861531,1789834163.8615,338,732,242,-0.552,0.962,FORWARD_LEFT
2026-09-19T18:09:23.928306,1789834163.9283,329,755,243,-0.552,0.962,FORWARD_LEFT
2026-09-19T18:09:23.994954,1789834163.9950,323,-1,244,-0.552,0.962,FORWARD_LEFT
2026-09-19T18:09:24.061885,1789834164.0619,305,-1,254,-0.552,0.962,FORWARD_LEFT
2026-09-19T18:09:24.128704,1789834164.1287,296,-1,252,-0.552,0.962,FORWARD_LEFT
2026-09-19T18:09:24.195369,1789834164.1954,286,830,257,-0.466,0.981,FORWARD_LEFT
2026-09-19T18:09:24.262284,1789834164.2623,279,-1,259,-0.443,0.981,FORWARD_LEFT
2026-09-19T18:09:24.329115,1789834164.3291,270,-1,265,-0.432,0.981,FORWARD_LEFT
2026-09-19T18:09:24.395757,1789834164.3958,261,-1,269,-0.432,0.981,FORWARD_LEFT
2026-09-19T18:09:24.462704,1789834164.4627,263,-1,274,-0.421,0.989,FORWARD_LEFT
2026-09-19T18:09:24.529506,1789834164.5295,257,1262,272,-0.421,0.989,FORWARD_LEFT
2026-09-19T18:09:24.596146,1789834164.5961,251,-1,277,-0.421,0.989,FORWARD_LEFT
2026-09-19T18:09:24.663074,1789834164.6631,249,-1,285,-0.421,0.989,FORWARD_LEFT
2026-09-19T18:09:24.729930,1789834164.7299,245,-1,288,-0.421,0.989,FORWARD_LEFT
2026-09-19T18:09:24.796585,1789834164.7966,238,-1,288,-0.421,0.989,FORWARD_LEFT
2026-09-19T18:09:24.863521,1789834164.8635,233,-1,294,-0.421,0.989,FORWARD_LEFT
2026-09-19T18:09:24.930327,1789834164.9303,231,-1,299,-0.395,1.000,FORWARD_LEFT
2026-09-19T18:09:24.996947,1789834164.9969,236,-1,307,-0.395,1.000,FORWARD_LEFT
2026-09-19T18:09:25.063895,1789834165.0639,228,-1,312,-0.395,1.000,FORWARD_LEFT
2026-09-19T18:09:25.130720,1789834165.1307,225,-1,319,-0.406,1.000,FORWARD_LEFT
2026-09-19T18:09:25.197351,1789834165.1974,226,-1,328,-0.406,1.000,FORWARD_LEFT
2026-09-19T18:09:25.264299,1789834165.2643,220,-1,329,-0.387,1.000,FORWARD_LEFT
2026-09-19T18:09:25.331096,1789834165.3311,220,-1,327,-0.302,1.000,FORWARD_LEFT
2026-09-19T18:09:25.397725,1789834165.3977,216,-1,335,-0.283,1.000,FORWARD_LEFT
2026-09-19T18:09:25.464681,1789834165.4647,213,-1,339,-0.283,1.000,FORWARD_LEFT
2026-09-19T18:09:25.531477,1789834165.5315,210,-1,342,-0.283,1.000,FORWARD_LEFT
2026-09-19T18:09:25.598112,1789834165.5981,211,-1,354,-0.283,1.000,FORWARD_LEFT
2026-09-19T18:09:25.665049,1789834165.6650,207,-1,356,-0.287,1.000,FORWARD_LEFT
2026-09-19T18:09:25.731845,1789834165.7318,202,-1,361,-0.287,1.000,FORWARD_LEFT
2026-09-19T18:09:25.798531,1789834165.7985,207,-1,362,-0.287,1.000,FORWARD_LEFT
2026-09-19T18:09:25.865457,1789834165.8655,198,-1,370,-0.287,1.000,FORWARD_LEFT
2026-09-19T18:09:25.932217,1789834165.9322,197,1272,377,-0.287,1.000,FORWARD_LEFT
2026-09-19T18:09:25.998878,1789834165.9989,191,1246,377,-0.287,1.000,FORWARD_LEFT
2026-09-19T18:09:26.065765,1789834166.0658,191,1251,390,-0.287,1.000,FORWARD_LEFT
2026-09-19T18:09:26.132597,1789834166.1326,189,-1,396,-0.287,1.000,FORWARD_LEFT
2026-09-19T18:09:26.199233,1789834166.1992,185,-1,401,-0.287,1.000,FORWARD_LEFT
2026-09-19T18:09:26.266169,1789834166.2662,182,1234,412,-0.287,1.000,FORWARD_LEFT
2026-09-19T18:09:26.332976,1789834166.3330,179,1196,419,-0.287,1.000,FORWARD_LEFT
2026-09-19T18:09:26.399667,1789834166.3997,176,1213,421,-0.287,1.000,FORWARD_LEFT
2026-09-19T18:09:26.466562,1789834166.4666,173,1227,422,-0.287,1.000,FORWARD_LEFT
2026-09-19T18:09:26.533382,1789834166.5334,169,1203,433,-0.287,1.000,FORWARD_LEFT
2026-09-19T18:09:26.599999,1789834166.6000,165,1209,439,-0.275,1.000,FORWARD_LEFT
2026-09-19T18:09:26.666968,1789834166.6670,163,1170,462,-0.223,1.000,FORWARD_LEFT
2026-09-19T18:09:26.733852,1789834166.7339,164,1109,446,-0.115,1.000,FORWARD
2026-09-19T18:09:26.800448,1789834166.8004,158,1130,446,-0.104,1.000,FORWARD
2026-09-19T18:09:26.867379,1789834166.8674,156,1128,464,-0.089,1.000,FORWARD
2026-09-19T18:09:26.934187,1789834166.9342,155,1056,463,-0.055,1.000,FORWARD
2026-09-19T18:09:27.000852,1789834167.0009,153,1124,459,-0.044,1.000,FORWARD
2026-09-19T18:09:27.067873,1789834167.0679,152,1083,467,-0.044,1.000,FORWARD
2026-09-19T18:09:27.134570,1789834167.1346,150,1065,466,-0.051,1.000,FORWARD
2026-09-19T18:09:27.201188,1789834167.2012,149,1066,482,-0.018,1.000,FORWARD
2026-09-19T18:09:27.268159,1789834167.2682,145,1040,488,0.000,1.000,FORWARD
2026-09-19T18:09:27.334939,1789834167.3349,146,1039,486,0.148,1.000,FORWARD
2026-09-19T18:09:27.401606,1789834167.4016,144,1027,511,0.216,1.000,FORWARD_RIGHT
2026-09-19T18:09:27.468518,1789834167.4685,140,1025,490,0.201,1.000,FORWARD_RIGHT
2026-09-19T18:09:27.535311,1789834167.5353,139,1013,505,0.201,1.000,FORWARD_RIGHT
2026-09-19T18:09:27.602011,1789834167.6020,139,1023,510,0.201,1.000,FORWARD_RIGHT
2026-09-19T18:09:27.668912,1789834167.6689,140,968,497,0.201,1.000,FORWARD_RIGHT
2026-09-19T18:09:27.735730,1789834167.7357,144,960,502,0.201,1.000,FORWARD_RIGHT
2026-09-19T18:09:27.802391,1789834167.8024,142,971,470,0.201,1.000,FORWARD_RIGHT
2026-09-19T18:09:27.869309,1789834167.8693,145,945,467,0.503,0.981,FORWARD_RIGHT
2026-09-19T18:09:27.936109,1789834167.9361,146,917,489,0.638,0.867,FORWARD_RIGHT
2026-09-19T18:09:28.002779,1789834168.0028,144,925,484,0.686,0.807,FORWARD_RIGHT
2026-09-19T18:09:28.069696,1789834168.0697,152,874,468,0.724,0.765,FORWARD_RIGHT
2026-09-19T18:09:28.136494,1789834168.1365,157,896,467,0.843,0.689,FORWARD_RIGHT
2026-09-19T18:09:28.203162,1789834168.2032,164,866,432,0.843,0.689,FORWARD_RIGHT
2026-09-19T18:09:28.270087,1789834168.2701,189,904,408,0.776,0.761,FORWARD_RIGHT
2026-09-19T18:09:28.336895,1789834168.3369,196,886,401,0.160,1.000,FORWARD_RIGHT
2026-09-19T18:09:28.403559,1789834168.4036,216,877,378,0.148,1.000,FORWARD
2026-09-19T18:09:28.470480,1789834168.4705,229,912,364,0.148,1.000,FORWARD
2026-09-19T18:09:28.537287,1789834168.5373,233,901,354,0.096,1.000,FORWARD
2026-09-19T18:09:28.603952,1789834168.6040,236,855,351,0.074,1.000,FORWARD
2026-09-19T18:09:28.670835,1789834168.6708,239,865,351,0.085,1.000,FORWARD
2026-09-19T18:09:28.737657,1789834168.7377,251,843,351,-0.018,1.000,FORWARD
2026-09-19T18:09:28.804310,1789834168.8043,260,814,346,-0.141,1.000,FORWARD
2026-09-19T18:09:28.871238,1789834168.8712,271,819,345,-0.193,1.000,FORWARD_LEFT
2026-09-19T18:09:28.938045,1789834168.9380,307,799,344,-0.186,1.000,FORWARD_LEFT
2026-09-19T18:09:29.004911,1789834169.0049,333,784,344,-0.216,1.000,FORWARD_LEFT
2026-09-19T18:09:29.071664,1789834169.0717,476,758,341,-0.294,1.000,FORWARD_LEFT
2026-09-19T18:09:29.138443,1789834169.1384,654,745,341,-0.294,1.000,FORWARD_LEFT
2026-09-19T18:09:29.205110,1789834169.2051,725,727,343,-0.294,1.000,FORWARD_LEFT
2026-09-19T18:09:29.271983,1789834169.2720,838,722,347,-0.354,1.000,FORWARD_LEFT
2026-09-19T18:09:29.338789,1789834169.3388,827,692,348,-0.533,1.000,FORWARD_LEFT
2026-09-19T18:09:29.405463,1789834169.4055,844,692,346,-0.578,0.977,FORWARD_LEFT
2026-09-19T18:09:29.472401,1789834169.4724,866,677,351,-0.608,0.947,FORWARD_LEFT
2026-09-19T18:09:29.539191,1789834169.5392,848,660,358,-0.679,0.909,FORWARD_LEFT
2026-09-19T18:09:29.605837,1789834169.6058,876,664,366,-0.690,0.909,FORWARD_LEFT
2026-09-19T18:09:29.672799,1789834169.6728,889,638,403,-0.724,0.864,FORWARD_LEFT
2026-09-19T18:09:29.739541,1789834169.7395,860,640,411,-0.731,0.837,FORWARD_LEFT
2026-09-19T18:09:29.806234,1789834169.8062,868,641,428,-0.742,0.837,FORWARD_LEFT
2026-09-19T18:09:29.873176,1789834169.8732,855,630,487,-0.742,0.837,FORWARD_LEFT
2026-09-19T18:09:29.939987,1789834169.9400,821,632,502,-0.742,0.837,FORWARD_LEFT
2026-09-19T18:09:30.006609,1789834170.0066,791,624,532,-0.742,0.837,FORWARD_LEFT
2026-09-19T18:09:30.073572,1789834170.0736,383,628,599,-0.739,0.849,FORWARD_LEFT
2026-09-19T18:09:30.140356,1789834170.1404,300,597,613,-0.533,0.955,FORWARD_LEFT
2026-09-19T18:09:30.206999,1789834170.2070,256,610,646,-0.313,1.000,FORWARD_LEFT
2026-09-19T18:09:30.273918,1789834170.2739,197,599,648,-0.298,1.000,FORWARD_LEFT
2026-09-19T18:09:30.340753,1789834170.3408,207,598,657,-0.298,1.000,FORWARD_LEFT
2026-09-19T18:09:30.407389,1789834170.4074,227,595,634,-0.287,1.000,FORWARD_LEFT
2026-09-19T18:09:30.474314,1789834170.4743,948,580,611,-0.145,1.000,FORWARD
2026-09-19T18:09:30.541099,1789834170.5411,1039,581,638,-0.145,1.000,FORWARD
2026-09-19T18:09:30.607764,1789834170.6078,1114,562,590,-0.145,1.000,FORWARD
2026-09-19T18:09:30.674687,1789834170.6747,1044,548,590,-0.145,1.000,FORWARD
2026-09-19T18:09:30.741490,1789834170.7415,1061,526,590,-0.145,1.000,FORWARD
2026-09-19T18:09:30.808150,1789834170.8082,972,525,564,-0.145,1.000,FORWARD
2026-09-19T18:09:30.875074,1789834170.8751,968,499,541,-0.145,1.000,FORWARD
2026-09-19T18:09:30.941735,1789834170.9417,920,484,512,-0.145,1.000,FORWARD
2026-09-19T18:09:31.010489,1789834171.0105,886,467,499,-0.272,1.000,FORWARD_LEFT
2026-09-19T18:09:31.075501,1789834171.0755,909,462,487,-0.537,0.981,FORWARD_LEFT
2026-09-19T18:09:31.142137,1789834171.1421,905,455,481,-0.604,0.955,FORWARD_LEFT
2026-09-19T18:09:31.210471,1789834171.2105,875,427,458,-0.742,0.837,FORWARD_LEFT
2026-09-19T18:09:31.275860,1789834171.2759,924,427,450,-0.832,0.697,FORWARD_LEFT
2026-09-19T18:09:31.342527,1789834171.3425,922,434,428,-0.828,0.659,FORWARD_LEFT
2026-09-19T18:09:31.410435,1789834171.4104,1010,444,413,-0.839,0.655,FORWARD_LEFT
2026-09-19T18:09:31.476228,1789834171.4762,1095,448,405,-0.839,0.655,FORWARD_LEFT
2026-09-19T18:09:31.542920,1789834171.5429,1177,441,400,-0.828,0.655,FORWARD_LEFT
2026-09-19T18:09:31.610458,1789834171.6105,1263,445,389,-0.828,0.655,FORWARD_LEFT
2026-09-19T18:09:31.676624,1789834171.6766,-1,450,388,-0.824,0.720,FORWARD_LEFT
2026-09-19T18:09:31.743214,1789834171.7432,1261,445,385,-0.761,0.792,FORWARD_LEFT
2026-09-19T18:09:31.810030,1789834171.8100,-1,455,379,-0.761,0.803,FORWARD_LEFT
2026-09-19T18:09:31.876941,1789834171.8769,1268,447,369,-0.761,0.803,FORWARD_LEFT
2026-09-19T18:09:31.943656,1789834171.9437,-1,459,368,-0.761,0.803,FORWARD_LEFT
2026-09-19T18:09:32.010568,1789834172.0106,-1,453,360,-0.761,0.803,FORWARD_LEFT
2026-09-19T18:09:32.077393,1789834172.0774,-1,455,356,-0.761,0.803,FORWARD_LEFT
2026-09-19T18:09:32.144038,1789834172.1440,1227,459,358,-0.761,0.803,FORWARD_LEFT
2026-09-19T18:09:32.212507,1789834172.2125,1222,479,354,-0.761,0.803,FORWARD_LEFT
2026-09-19T18:09:32.277780,1789834172.2778,1041,486,356,-0.761,0.818,FORWARD_LEFT
2026-09-19T18:09:32.344403,1789834172.3444,914,493,358,-0.739,0.830,FORWARD_LEFT
2026-09-19T18:09:32.411358,1789834172.4114,710,517,358,-0.735,0.841,FORWARD_LEFT
2026-09-19T18:09:32.478174,1789834172.4782,556,522,365,-0.724,0.849,FORWARD_LEFT
2026-09-19T18:09:32.544821,1789834172.5448,490,553,362,-0.690,0.856,FORWARD_LEFT
2026-09-19T18:09:32.611841,1789834172.6118,415,595,366,-0.645,0.909,FORWARD_LEFT
2026-09-19T18:09:32.678580,1789834172.6786,430,581,371,-0.522,0.962,FORWARD_LEFT
2026-09-19T18:09:32.745203,1789834172.7452,396,598,365,-0.451,0.974,FORWARD_LEFT
2026-09-19T18:09:32.813461,1789834172.8135,358,643,358,-0.447,0.981,FORWARD_LEFT
2026-09-19T18:09:32.878963,1789834172.8790,348,636,354,-0.436,0.977,FORWARD_LEFT
2026-09-19T18:09:32.945584,1789834172.9456,347,644,351,-0.436,0.989,FORWARD_LEFT
2026-09-19T18:09:33.012665,1789834173.0127,362,622,330,-0.436,0.989,FORWARD_LEFT
2026-09-19T18:09:33.079328,1789834173.0793,357,637,327,-0.425,0.985,FORWARD_LEFT
2026-09-19T18:09:33.146046,1789834173.1460,342,666,323,-0.436,0.985,FORWARD_LEFT
2026-09-19T18:09:33.212904,1789834173.2129,339,670,310,-0.436,0.985,FORWARD_LEFT
2026-09-19T18:09:33.279735,1789834173.2797,334,652,312,-0.436,0.985,FORWARD_LEFT
2026-09-19T18:09:33.346387,1789834173.3464,326,673,315,-0.436,0.985,FORWARD_LEFT
2026-09-19T18:09:33.413314,1789834173.4133,323,685,313,-0.425,0.992,FORWARD_LEFT
2026-09-19T18:09:33.480099,1789834173.4801,321,700,307,-0.425,0.992,FORWARD_LEFT
2026-09-19T18:09:33.546785,1789834173.5468,326,713,303,-0.425,0.992,FORWARD_LEFT
2026-09-19T18:09:33.613716,1789834173.6137,321,735,303,-0.309,1.000,FORWARD_LEFT
2026-09-19T18:09:33.680539,1789834173.6805,318,694,301,-0.309,1.000,FORWARD_LEFT
2026-09-19T18:09:33.747171,1789834173.7472,321,727,300,-0.309,1.000,FORWARD_LEFT
2026-09-19T18:09:33.814138,1789834173.8141,325,723,293,-0.309,1.000,FORWARD_LEFT
2026-09-19T18:09:33.880907,1789834173.8809,313,722,294,-0.309,1.000,FORWARD_LEFT
2026-09-19T18:09:33.947634,1789834173.9476,317,759,293,-0.298,1.000,FORWARD_LEFT
2026-09-19T18:09:34.014530,1789834174.0145,306,746,288,-0.193,1.000,FORWARD_LEFT
2026-09-19T18:09:34.081354,1789834174.0814,310,742,282,-0.118,1.000,FORWARD
2026-09-19T18:09:34.147964,1789834174.1480,308,753,277,-0.014,1.000,FORWARD
2026-09-19T18:09:34.214987,1789834174.2150,317,750,281,-0.014,1.000,FORWARD
2026-09-19T18:09:34.281718,1789834174.2817,324,735,271,0.000,1.000,FORWARD
2026-09-19T18:09:34.348462,1789834174.3485,337,707,264,0.051,1.000,FORWARD
2026-09-19T18:09:34.415267,1789834174.4153,338,679,259,0.062,1.000,FORWARD
2026-09-19T18:09:34.482181,1789834174.4822,346,666,248,0.062,1.000,FORWARD
2026-09-19T18:09:34.548749,1789834174.5487,358,645,245,0.062,1.000,FORWARD
2026-09-19T18:09:34.615734,1789834174.6157,370,607,234,0.062,1.000,FORWARD
2026-09-19T18:09:34.682483,1789834174.6825,370,605,229,0.062,1.000,FORWARD
2026-09-19T18:09:34.749204,1789834174.7492,392,574,225,0.062,1.000,FORWARD
2026-09-19T18:09:34.816081,1789834174.8161,421,543,218,0.062,1.000,FORWARD
2026-09-19T18:09:34.883001,1789834174.8830,480,546,214,0.085,1.000,FORWARD
2026-09-19T18:09:34.949554,1789834174.9496,545,536,209,0.499,1.000,FORWARD_RIGHT
2026-09-19T18:09:35.016561,1789834175.0166,799,506,197,0.492,1.000,FORWARD_RIGHT
2026-09-19T18:09:35.083265,1789834175.0833,838,496,191,0.492,1.000,FORWARD_RIGHT
2026-09-19T18:09:35.149951,1789834175.1500,923,487,185,-0.018,1.000,FORWARD
2026-09-19T18:09:35.216875,1789834175.2169,925,416,173,-0.141,1.000,FORWARD
2026-09-19T18:09:35.283752,1789834175.2838,898,398,169,-0.245,1.000,FORWARD_LEFT
2026-09-19T18:09:35.350354,1789834175.3504,918,412,168,-0.552,1.000,FORWARD_LEFT
2026-09-19T18:09:35.417284,1789834175.4173,907,396,157,-0.720,0.898,FORWARD_LEFT
2026-09-19T18:09:35.484058,1789834175.4841,863,391,156,-0.742,0.830,FORWARD_LEFT
2026-09-19T18:09:35.550730,1789834175.5507,863,401,157,-0.742,0.830,FORWARD_LEFT
2026-09-19T18:09:35.617672,1789834175.6177,864,445,157,-0.750,0.818,FORWARD_LEFT
2026-09-19T18:09:35.684726,1789834175.6847,907,455,158,-0.750,0.818,FORWARD_LEFT
2026-09-19T18:09:35.751155,1789834175.7512,914,485,160,-0.750,0.818,FORWARD_LEFT
2026-09-19T18:09:35.818060,1789834175.8181,924,549,165,-0.750,0.818,FORWARD_LEFT
2026-09-19T18:09:35.884872,1789834175.8849,970,573,169,-0.750,0.818,FORWARD_LEFT
2026-09-19T18:09:35.951554,1789834175.9516,958,620,174,-0.750,0.818,FORWARD_LEFT
2026-09-19T18:09:36.018535,1789834176.0185,978,625,182,-0.750,0.818,FORWARD_LEFT
2026-09-19T18:09:36.085240,1789834176.0852,983,626,187,-0.746,0.841,FORWARD_LEFT
2026-09-19T18:09:36.151938,1789834176.1519,1005,639,187,-0.690,0.898,FORWARD_LEFT
2026-09-19T18:09:36.218859,1789834176.2189,994,638,195,-0.541,0.974,FORWARD_LEFT
2026-09-19T18:09:36.285670,1789834176.2857,939,641,198,-0.458,0.992,FORWARD_LEFT
2026-09-19T18:09:36.352305,1789834176.3523,1007,628,207,-0.455,1.000,FORWARD_LEFT
2026-09-19T18:09:36.419221,1789834176.4192,1012,631,207,-0.443,1.000,FORWARD_LEFT
2026-09-19T18:09:36.486027,1789834176.4860,976,625,206,-0.443,1.000,FORWARD_LEFT
2026-09-19T18:09:36.552656,1789834176.5527,1052,611,210,-0.432,1.000,FORWARD_LEFT
2026-09-19T18:09:36.619597,1789834176.6196,1083,617,211,-0.432,1.000,FORWARD_LEFT
2026-09-19T18:09:36.686394,1789834176.6864,1055,597,212,-0.432,1.000,FORWARD_LEFT
2026-09-19T18:09:36.753049,1789834176.7530,1043,594,213,-0.443,1.000,FORWARD_LEFT
2026-09-19T18:09:36.820011,1789834176.8200,1039,579,217,-0.443,1.000,FORWARD_LEFT
2026-09-19T18:09:36.886789,1789834176.8868,1031,569,218,-0.443,1.000,FORWARD_LEFT
2026-09-19T18:09:36.953468,1789834176.9535,-1,558,221,-0.443,1.000,FORWARD_LEFT
2026-09-19T18:09:37.020417,1789834177.0204,990,559,226,-0.443,1.000,FORWARD_LEFT
2026-09-19T18:09:37.087178,1789834177.0872,1081,531,230,-0.443,1.000,FORWARD_LEFT
2026-09-19T18:09:37.153877,1789834177.1539,1068,527,231,-0.443,1.000,FORWARD_LEFT
2026-09-19T18:09:37.220782,1789834177.2208,1020,512,246,-0.443,1.000,FORWARD_LEFT
2026-09-19T18:09:37.287591,1789834177.2876,1044,509,250,-0.443,1.000,FORWARD_LEFT
2026-09-19T18:09:37.354238,1789834177.3542,1082,501,254,-0.443,1.000,FORWARD_LEFT
2026-09-19T18:09:37.421585,1789834177.4216,1136,490,258,-0.443,1.000,FORWARD_LEFT
2026-09-19T18:09:37.488011,1789834177.4880,1055,481,264,-0.443,1.000,FORWARD_LEFT
2026-09-19T18:09:37.554650,1789834177.5547,1067,478,269,-0.443,1.000,FORWARD_LEFT
2026-09-19T18:09:37.621567,1789834177.6216,1135,458,279,-0.443,1.000,FORWARD_LEFT
2026-09-19T18:09:37.688510,1789834177.6885,1057,459,286,-0.443,1.000,FORWARD_LEFT
2026-09-19T18:09:37.755054,1789834177.7551,1123,444,290,-0.522,1.000,FORWARD_LEFT
2026-09-19T18:09:37.821984,1789834177.8220,1205,432,313,-0.556,1.000,FORWARD_LEFT
2026-09-19T18:09:37.888827,1789834177.8888,-1,434,319,-0.556,1.000,FORWARD_LEFT
2026-09-19T18:09:37.955467,1789834177.9555,1256,434,336,-0.556,1.000,FORWARD_LEFT
2026-09-19T18:09:38.022392,1789834178.0224,-1,418,370,-0.556,1.000,FORWARD_LEFT
2026-09-19T18:09:38.089282,1789834178.0893,-1,424,370,-0.556,1.000,FORWARD_LEFT
2026-09-19T18:09:38.155860,1789834178.1559,-1,419,371,-0.556,1.000,FORWARD_LEFT
2026-09-19T18:09:38.222791,1789834178.2228,-1,413,371,-0.556,1.000,FORWARD_LEFT
2026-09-19T18:09:38.289625,1789834178.2896,-1,413,367,-0.544,1.000,FORWARD_LEFT
2026-09-19T18:09:38.356256,1789834178.3563,-1,411,362,-0.544,1.000,FORWARD_LEFT
2026-09-19T18:09:38.423197,1789834178.4232,-1,415,345,-0.544,1.000,FORWARD_LEFT
2026-09-19T18:09:38.490009,1789834178.4900,-1,413,341,-0.544,1.000,FORWARD_LEFT
2026-09-19T18:09:38.556643,1789834178.5566,-1,413,337,-0.544,1.000,FORWARD_LEFT
2026-09-19T18:09:38.623609,1789834178.6236,-1,401,320,-0.544,1.000,FORWARD_LEFT
2026-09-19T18:09:38.690383,1789834178.6904,-1,410,313,-0.544,1.000,FORWARD_LEFT
2026-09-19T18:09:38.757058,1789834178.7571,-1,403,308,-0.544,1.000,FORWARD_LEFT
2026-09-19T18:09:38.824029,1789834178.8240,-1,398,295,-0.544,1.000,FORWARD_LEFT
2026-09-19T18:09:38.890802,1789834178.8908,-1,397,289,-0.544,1.000,FORWARD_LEFT
2026-09-19T18:09:38.957452,1789834178.9575,-1,404,281,-0.544,1.000,FORWARD_LEFT
2026-09-19T18:09:39.024445,1789834179.0244,-1,405,276,-0.544,1.000,FORWARD_LEFT
2026-09-19T18:09:39.091257,1789834179.0913,-1,407,270,-0.544,1.000,FORWARD_LEFT
2026-09-19T18:09:39.157866,1789834179.1579,-1,403,260,-0.544,1.000,FORWARD_LEFT
2026-09-19T18:09:39.224744,1789834179.2247,-1,408,258,-0.544,1.000,FORWARD_LEFT
2026-09-19T18:09:39.291580,1789834179.2916,-1,409,254,-0.544,1.000,FORWARD_LEFT
2026-09-19T18:09:39.358187,1789834179.3582,-1,408,245,-0.544,1.000,FORWARD_LEFT
2026-09-19T18:09:39.425161,1789834179.4252,-1,414,240,-0.544,1.000,FORWARD_LEFT
2026-09-19T18:09:39.491803,1789834179.4918,-1,416,241,-0.544,1.000,FORWARD_LEFT
2026-09-19T18:09:39.560658,1789834179.5607,-1,426,238,-0.544,1.000,FORWARD_LEFT
2026-09-19T18:09:39.625558,1789834179.6256,-1,439,235,-0.544,1.000,FORWARD_LEFT
2026-09-19T18:09:39.692211,1789834179.6922,-1,438,230,-0.544,1.000,FORWARD_LEFT
2026-09-19T18:09:39.760675,1789834179.7607,-1,447,228,-0.544,1.000,FORWARD_LEFT
2026-09-19T18:09:39.825930,1789834179.8259,-1,466,227,-0.544,1.000,FORWARD_LEFT
2026-09-19T18:09:39.892592,1789834179.8926,-1,459,220,-0.544,1.000,FORWARD_LEFT
2026-09-19T18:09:39.960662,1789834179.9607,-1,469,217,-0.544,1.000,FORWARD_LEFT
2026-09-19T18:09:40.026346,1789834180.0263,963,467,218,-0.544,1.000,FORWARD_LEFT
2026-09-19T18:09:40.093013,1789834180.0930,942,489,216,-0.544,1.000,FORWARD_LEFT
2026-09-19T18:09:40.160654,1789834180.1607,814,517,219,-0.544,1.000,FORWARD_LEFT
2026-09-19T18:09:40.226766,1789834180.2268,781,514,217,-0.544,1.000,FORWARD_LEFT
2026-09-19T18:09:40.293414,1789834180.2934,721,545,218,-0.544,1.000,FORWARD_LEFT
2026-09-19T18:09:40.360680,1789834180.3607,676,557,219,-0.544,1.000,FORWARD_LEFT
2026-09-19T18:09:40.427138,1789834180.4271,649,562,224,-0.470,1.000,FORWARD_LEFT
2026-09-19T18:09:40.493797,1789834180.4938,620,629,223,-0.447,1.000,FORWARD_LEFT
2026-09-19T18:09:40.560715,1789834180.5607,600,659,222,-0.432,1.000,FORWARD_LEFT
2026-09-19T18:09:40.627534,1789834180.6275,581,662,222,-0.421,1.000,FORWARD_LEFT
2026-09-19T18:09:40.694177,1789834180.6942,586,714,224,-0.410,1.000,FORWARD_LEFT
2026-09-19T18:09:40.761111,1789834180.7611,559,742,224,-0.402,1.000,FORWARD_LEFT
2026-09-19T18:09:40.827913,1789834180.8279,556,799,223,-0.380,1.000,FORWARD_LEFT
2026-09-19T18:09:40.894574,1789834180.8946,547,841,223,-0.380,1.000,FORWARD_LEFT
2026-09-19T18:09:40.961506,1789834180.9615,560,850,223,-0.380,1.000,FORWARD_LEFT
2026-09-19T18:09:41.028286,1789834181.0283,554,891,221,-0.380,1.000,FORWARD_LEFT
2026-09-19T18:09:41.094954,1789834181.0950,547,878,222,-0.380,1.000,FORWARD_LEFT
2026-09-19T18:09:41.161911,1789834181.1619,539,937,223,-0.380,1.000,FORWARD_LEFT
2026-09-19T18:09:41.228754,1789834181.2288,529,1021,223,-0.380,1.000,FORWARD_LEFT
2026-09-19T18:09:41.295385,1789834181.2954,516,1053,226,-0.380,1.000,FORWARD_LEFT
2026-09-19T18:09:41.362368,1789834181.3624,527,1097,224,-0.380,1.000,FORWARD_LEFT
2026-09-19T18:09:41.429136,1789834181.4291,519,1112,224,-0.380,1.000,FORWARD_LEFT
2026-09-19T18:09:41.495772,1789834181.4958,512,1120,225,-0.380,1.000,FORWARD_LEFT
2026-09-19T18:09:41.562757,1789834181.5628,509,1070,229,-0.380,1.000,FORWARD_LEFT
2026-09-19T18:09:41.629473,1789834181.6295,502,1121,229,-0.380,1.000,FORWARD_LEFT
2026-09-19T18:09:41.696200,1789834181.6962,500,1129,229,-0.380,1.000,FORWARD_LEFT
2026-09-19T18:09:41.763099,1789834181.7631,498,1134,232,-0.380,1.000,FORWARD_LEFT
2026-09-19T18:09:41.829908,1789834181.8299,474,1138,234,-0.380,1.000,FORWARD_LEFT
2026-09-19T18:09:41.896532,1789834181.8965,483,1141,236,-0.369,1.000,FORWARD_LEFT
2026-09-19T18:09:41.963474,1789834181.9635,472,1136,238,-0.380,1.000,FORWARD_LEFT
2026-09-19T18:09:42.030239,1789834182.0302,471,1151,241,-0.380,1.000,FORWARD_LEFT
2026-09-19T18:09:42.097005,1789834182.0970,473,1142,240,-0.380,1.000,FORWARD_LEFT
2026-09-19T18:09:42.163837,1789834182.1638,455,1103,251,-0.380,1.000,FORWARD_LEFT
2026-09-19T18:09:42.230650,1789834182.2306,458,1114,248,-0.380,1.000,FORWARD_LEFT
2026-09-19T18:09:42.297301,1789834182.2973,450,1108,250,-0.380,1.000,FORWARD_LEFT
2026-09-19T18:09:42.364232,1789834182.3642,448,1096,253,-0.227,1.000,FORWARD_LEFT
2026-09-19T18:09:42.430904,1789834182.4309,447,1072,256,-0.182,1.000,FORWARD_LEFT
2026-09-19T18:09:42.497647,1789834182.4976,443,1062,256,-0.182,1.000,FORWARD_LEFT
2026-09-19T18:09:42.564592,1789834182.5646,443,1043,259,-0.152,1.000,FORWARD_LEFT
2026-09-19T18:09:42.631389,1789834182.6314,436,1050,256,-0.152,1.000,FORWARD_LEFT
2026-09-19T18:09:42.698052,1789834182.6981,454,1032,260,-0.152,1.000,FORWARD_LEFT
2026-09-19T18:09:42.764976,1789834182.7650,442,1034,267,-0.152,1.000,FORWARD_LEFT
2026-09-19T18:09:42.831771,1789834182.8318,441,987,267,-0.152,1.000,FORWARD_LEFT
2026-09-19T18:09:42.898464,1789834182.8985,434,991,267,-0.152,1.000,FORWARD_LEFT
2026-09-19T18:09:42.965391,1789834182.9654,438,975,264,-0.152,1.000,FORWARD_LEFT
2026-09-19T18:09:43.032182,1789834183.0322,426,950,273,-0.152,1.000,FORWARD_LEFT
2026-09-19T18:09:43.098890,1789834183.0989,436,953,270,-0.152,1.000,FORWARD_LEFT
2026-09-19T18:09:43.165775,1789834183.1658,422,939,274,-0.152,1.000,FORWARD_LEFT
2026-09-19T18:09:43.232585,1789834183.2326,432,912,275,-0.152,1.000,FORWARD_LEFT
2026-09-19T18:09:43.299244,1789834183.2992,423,905,283,-0.152,1.000,FORWARD_LEFT
2026-09-19T18:09:43.366207,1789834183.3662,423,880,297,-0.152,1.000,FORWARD_LEFT
2026-09-19T18:09:43.432988,1789834183.4330,432,886,297,-0.152,1.000,FORWARD_LEFT
2026-09-19T18:09:43.499644,1789834183.4996,423,865,306,-0.152,1.000,FORWARD_LEFT
2026-09-19T18:09:43.566580,1789834183.5666,420,863,310,-0.152,1.000,FORWARD_LEFT
2026-09-19T18:09:43.633387,1789834183.6334,424,842,305,-0.152,1.000,FORWARD_LEFT
2026-09-19T18:09:43.700031,1789834183.7000,420,847,303,-0.152,1.000,FORWARD_LEFT
2026-09-19T18:09:43.766977,1789834183.7670,423,817,309,-0.152,1.000,FORWARD_LEFT
2026-09-19T18:09:43.833739,1789834183.8337,416,799,313,-0.152,1.000,FORWARD_LEFT
2026-09-19T18:09:43.900414,1789834183.9004,422,791,309,-0.152,1.000,FORWARD_LEFT
2026-09-19T18:09:43.967325,1789834183.9673,426,785,318,-0.152,1.000,FORWARD_LEFT
2026-09-19T18:09:44.034136,1789834184.0341,422,783,318,-0.152,1.000,FORWARD_LEFT
2026-09-19T18:09:44.100793,1789834184.1008,435,773,316,-0.152,1.000,FORWARD_LEFT
2026-09-19T18:09:44.167724,1789834184.1677,440,752,322,-0.152,1.000,FORWARD_LEFT
2026-09-19T18:09:44.234549,1789834184.2345,438,746,328,-0.152,1.000,FORWARD_LEFT
2026-09-19T18:09:44.301170,1789834184.3012,428,727,327,-0.152,1.000,FORWARD_LEFT
2026-09-19T18:09:44.368147,1789834184.3681,447,699,324,-0.152,1.000,FORWARD_LEFT
2026-09-19T18:09:44.434905,1789834184.4349,455,687,334,-0.152,1.000,FORWARD_LEFT
2026-09-19T18:09:44.501574,1789834184.5016,459,691,331,-0.152,1.000,FORWARD_LEFT
2026-09-19T18:09:44.568544,1789834184.5685,493,664,340,-0.152,1.000,FORWARD_LEFT
2026-09-19T18:09:44.635330,1789834184.6353,545,650,343,-0.152,1.000,FORWARD_LEFT
2026-09-19T18:09:44.701962,1789834184.7020,657,631,341,-0.152,1.000,FORWARD_LEFT
2026-09-19T18:09:44.768899,1789834184.7689,846,646,346,-0.152,1.000,FORWARD_LEFT
2026-09-19T18:09:44.835708,1789834184.8357,954,607,352,-0.152,1.000,FORWARD_LEFT
2026-09-19T18:09:44.902362,1789834184.9024,945,612,350,-0.152,1.000,FORWARD_LEFT
2026-09-19T18:09:44.969272,1789834184.9693,1000,591,362,-0.152,1.000,FORWARD_LEFT
2026-09-19T18:09:45.036066,1789834185.0361,998,581,355,-0.152,1.000,FORWARD_LEFT
2026-09-19T18:09:45.102725,1789834185.1027,964,573,369,-0.152,1.000,FORWARD_LEFT
2026-09-19T18:09:45.169692,1789834185.1697,994,562,361,-0.152,1.000,FORWARD_LEFT
2026-09-19T18:09:45.236588,1789834185.2366,930,544,380,-0.152,1.000,FORWARD_LEFT
2026-09-19T18:09:45.303156,1789834185.3032,938,530,377,-0.152,1.000,FORWARD_LEFT
2026-09-19T18:09:45.370043,1789834185.3700,928,517,384,-0.152,1.000,FORWARD_LEFT
2026-09-19T18:09:45.436858,1789834185.4369,893,495,380,-0.152,1.000,FORWARD_LEFT
2026-09-19T18:09:45.503509,1789834185.5035,900,497,393,-0.152,1.000,FORWARD_LEFT
2026-09-19T18:09:45.570460,1789834185.5705,850,470,398,-0.559,0.977,FORWARD_LEFT
2026-09-19T18:09:45.637241,1789834185.6372,857,457,417,-0.757,0.724,FORWARD_LEFT
2026-09-19T18:09:45.703903,1789834185.7039,860,455,421,-0.817,0.591,FORWARD_LEFT
2026-09-19T18:09:45.770785,1789834185.7708,862,434,432,-0.836,0.549,FORWARD_LEFT
2026-09-19T18:09:45.837592,1789834185.8376,853,438,467,-0.832,0.538,FORWARD_LEFT
2026-09-19T18:09:45.904245,1789834185.9042,837,448,471,-0.832,0.538,FORWARD_LEFT
2026-09-19T18:09:45.971186,1789834185.9712,946,435,485,-0.832,0.538,FORWARD_LEFT
2026-09-19T18:09:46.037995,1789834186.0380,953,437,487,-0.832,0.538,FORWARD_LEFT
2026-09-19T18:09:46.104654,1789834186.1047,963,439,493,-0.832,0.538,FORWARD_LEFT
2026-09-19T18:09:46.171598,1789834186.1716,1074,440,475,-0.828,0.557,FORWARD_LEFT
2026-09-19T18:09:46.238421,1789834186.2384,1064,441,478,-0.739,0.807,FORWARD_LEFT
2026-09-19T18:09:46.305068,1789834186.3051,1163,438,471,-0.705,0.837,FORWARD_LEFT
2026-09-19T18:09:46.372055,1789834186.3721,-1,450,450,-0.675,0.856,FORWARD_LEFT
2026-09-19T18:09:46.438840,1789834186.4388,-1,450,440,-0.593,0.913,FORWARD_LEFT
2026-09-19T18:09:46.505501,1789834186.5055,-1,446,432,-0.548,0.939,FORWARD_LEFT
2026-09-19T18:09:46.572490,1789834186.5725,-1,451,416,-0.481,0.970,FORWARD_LEFT
2026-09-19T18:09:46.639213,1789834186.6392,-1,443,410,-0.466,0.970,FORWARD_LEFT
2026-09-19T18:09:46.705871,1789834186.7059,-1,445,396,-0.466,0.970,FORWARD_LEFT
2026-09-19T18:09:46.772806,1789834186.7728,-1,430,375,-0.466,0.970,FORWARD_LEFT
2026-09-19T18:09:46.839583,1789834186.8396,-1,422,379,-0.466,0.970,FORWARD_LEFT
2026-09-19T18:09:46.906221,1789834186.9062,-1,415,368,-0.466,0.970,FORWARD_LEFT
2026-09-19T18:09:46.973152,1789834186.9732,-1,412,352,-0.466,0.970,FORWARD_LEFT
2026-09-19T18:09:47.040000,1789834187.0400,-1,415,343,-0.466,0.970,FORWARD_LEFT
2026-09-19T18:09:47.106669,1789834187.1067,-1,406,337,-0.477,0.974,FORWARD_LEFT
2026-09-19T18:09:47.173594,1789834187.1736,-1,405,319,-0.477,0.974,FORWARD_LEFT
2026-09-19T18:09:47.240393,1789834187.2404,-1,407,320,-0.477,0.974,FORWARD_LEFT
2026-09-19T18:09:47.307033,1789834187.3070,-1,396,310,-0.477,0.974,FORWARD_LEFT
2026-09-19T18:09:47.373926,1789834187.3739,-1,391,300,-0.477,0.974,FORWARD_LEFT
2026-09-19T18:09:47.440756,1789834187.4408,-1,389,293,-0.477,0.974,FORWARD_LEFT
2026-09-19T18:09:47.507228,1789834187.5072,-1,388,283,-0.466,0.977,FORWARD_LEFT
2026-09-19T18:09:47.574240,1789834187.5742,-1,383,272,-0.477,0.977,FORWARD_LEFT
2026-09-19T18:09:47.640988,1789834187.6410,-1,383,267,-0.477,0.977,FORWARD_LEFT
2026-09-19T18:09:47.707795,1789834187.7078,-1,386,258,-0.477,0.977,FORWARD_LEFT
2026-09-19T18:09:47.774656,1789834187.7747,-1,381,253,-0.477,0.977,FORWARD_LEFT
2026-09-19T18:09:47.841381,1789834187.8414,-1,379,247,-0.477,0.977,FORWARD_LEFT
2026-09-19T18:09:47.909883,1789834187.9099,-1,377,238,-0.477,0.977,FORWARD_LEFT
2026-09-19T18:09:47.975082,1789834187.9751,-1,381,236,-0.477,0.977,FORWARD_LEFT
2026-09-19T18:09:48.041742,1789834188.0417,1265,373,231,-0.477,0.977,FORWARD_LEFT
2026-09-19T18:09:48.110904,1789834188.1109,-1,371,223,-0.477,0.977,FORWARD_LEFT
2026-09-19T18:09:48.175569,1789834188.1756,1224,374,220,-0.690,0.860,FORWARD_LEFT
2026-09-19T18:09:48.242302,1789834188.2423,1259,387,215,-0.753,0.769,FORWARD_LEFT
2026-09-19T18:09:48.309896,1789834188.3099,1217,400,211,-0.798,0.686,FORWARD_LEFT
2026-09-19T18:09:48.375864,1789834188.3759,1156,403,211,-0.821,0.678,FORWARD_LEFT
2026-09-19T18:09:48.442511,1789834188.4425,1106,421,210,-0.832,0.640,FORWARD_LEFT
2026-09-19T18:09:48.509935,1789834188.5099,828,447,211,-0.824,0.599,FORWARD_LEFT
2026-09-19T18:09:48.576213,1789834188.5762,778,466,214,-0.828,0.587,FORWARD_LEFT
2026-09-19T18:09:48.642916,1789834188.6429,715,500,217,-0.839,0.580,FORWARD_LEFT
2026-09-19T18:09:48.709913,1789834188.7099,616,521,222,-0.839,0.580,FORWARD_LEFT
2026-09-19T18:09:48.776686,1789834188.7767,581,568,226,-0.839,0.580,FORWARD_LEFT
2026-09-19T18:09:48.843316,1789834188.8433,533,579,230,-0.746,0.769,FORWARD_LEFT
2026-09-19T18:09:48.910951,1789834188.9110,457,627,235,-0.712,0.852,FORWARD_LEFT
2026-09-19T18:09:48.976994,1789834188.9770,442,659,245,-0.656,0.871,FORWARD_LEFT
2026-09-19T18:09:49.043754,1789834189.0438,420,770,253,-0.485,0.970,FORWARD_LEFT
2026-09-19T18:09:49.110600,1789834189.1106,371,887,256,-0.395,1.000,FORWARD_LEFT
2026-09-19T18:09:49.177640,1789834189.1776,368,902,260,-0.350,1.000,FORWARD_LEFT
2026-09-19T18:09:49.244065,1789834189.2441,365,994,266,-0.204,1.000,FORWARD_LEFT
2026-09-19T18:09:49.311071,1789834189.3111,371,948,263,-0.141,1.000,FORWARD
2026-09-19T18:09:49.377791,1789834189.3778,364,961,259,-0.137,1.000,FORWARD
2026-09-19T18:09:49.444546,1789834189.4445,364,970,257,-0.137,1.000,FORWARD
2026-09-19T18:09:49.511391,1789834189.5114,376,942,253,-0.115,1.000,FORWARD
2026-09-19T18:09:49.578237,1789834189.5782,386,931,252,-0.365,1.000,FORWARD_LEFT
2026-09-19T18:09:49.644846,1789834189.6448,389,941,252,-0.436,1.000,FORWARD_LEFT
2026-09-19T18:09:49.711890,1789834189.7119,385,978,251,-0.447,1.000,FORWARD_LEFT
2026-09-19T18:09:49.778596,1789834189.7786,386,998,253,-0.447,1.000,FORWARD_LEFT
2026-09-19T18:09:49.845341,1789834189.8453,383,949,257,-0.298,1.000,FORWARD_LEFT
2026-09-19T18:09:49.912209,1789834189.9122,355,1005,260,-0.234,1.000,FORWARD_LEFT
2026-09-19T18:09:49.979005,1789834189.9790,357,1035,266,-0.238,1.000,FORWARD_LEFT
2026-09-19T18:09:50.045656,1789834190.0457,348,1017,267,-0.238,1.000,FORWARD_LEFT
2026-09-19T18:09:50.112618,1789834190.1126,350,999,266,-0.238,1.000,FORWARD_LEFT
2026-09-19T18:09:50.179443,1789834190.1794,360,983,269,-0.238,1.000,FORWARD_LEFT
2026-09-19T18:09:50.246098,1789834190.2461,355,988,272,-0.238,1.000,FORWARD_LEFT
2026-09-19T18:09:50.313001,1789834190.3130,351,963,273,-0.156,1.000,FORWARD_LEFT
2026-09-19T18:09:50.379902,1789834190.3799,350,964,276,-0.148,1.000,FORWARD
2026-09-19T18:09:50.446570,1789834190.4466,355,966,273,-0.160,1.000,FORWARD_LEFT
2026-09-19T18:09:50.513425,1789834190.5134,364,923,264,0.000,1.000,FORWARD
2026-09-19T18:09:50.580212,1789834190.5802,363,940,269,0.000,1.000,FORWARD
2026-09-19T18:09:50.646883,1789834190.6469,361,927,269,-0.544,0.974,FORWARD_LEFT
2026-09-19T18:09:50.713834,1789834190.7138,362,900,258,-0.768,0.633,FORWARD_LEFT
2026-09-19T18:09:50.780624,1789834190.7806,363,895,259,-0.806,0.583,FORWARD_LEFT
2026-09-19T18:09:50.847290,1789834190.8473,365,886,261,-0.828,0.564,FORWARD_LEFT
2026-09-19T18:09:50.914205,1789834190.9142,338,891,272,-0.832,0.553,FORWARD_LEFT
2026-09-19T18:09:50.980994,1789834190.9810,333,868,285,-0.832,0.553,FORWARD_LEFT
2026-09-19T18:09:51.047677,1789834191.0477,323,861,305,-0.832,0.553,FORWARD_LEFT
2026-09-19T18:09:51.114614,1789834191.1146,301,856,324,-0.832,0.553,FORWARD_LEFT
2026-09-19T18:09:51.181414,1789834191.1814,295,863,328,-0.832,0.553,FORWARD_LEFT
2026-09-19T18:09:51.248047,1789834191.2480,291,846,349,-0.832,0.553,FORWARD_LEFT
2026-09-19T18:09:51.315013,1789834191.3150,273,861,361,-0.686,0.856,FORWARD_LEFT
2026-09-19T18:09:51.381823,1789834191.3818,275,844,374,-0.585,0.951,FORWARD_LEFT
2026-09-19T18:09:51.448468,1789834191.4485,265,855,385,-0.585,0.955,FORWARD_LEFT
2026-09-19T18:09:51.515376,1789834191.5154,251,837,402,-0.574,0.955,FORWARD_LEFT
2026-09-19T18:09:51.582172,1789834191.5822,242,842,411,-0.574,0.955,FORWARD_LEFT
2026-09-19T18:09:51.648815,1789834191.6488,239,825,419,-0.574,0.955,FORWARD_LEFT
2026-09-19T18:09:51.715773,1789834191.7158,225,827,445,-0.574,0.955,FORWARD_LEFT
2026-09-19T18:09:51.782549,1789834191.7825,222,827,470,-0.574,0.955,FORWARD_LEFT
2026-09-19T18:09:51.849222,1789834191.8492,212,814,500,-0.574,0.955,FORWARD_LEFT
2026-09-19T18:09:51.916149,1789834191.9161,201,823,525,-0.574,0.955,FORWARD_LEFT
2026-09-19T18:09:51.982958,1789834191.9830,200,816,556,-0.526,0.966,FORWARD_LEFT
2026-09-19T18:09:52.049617,1789834192.0496,193,803,570,0.000,1.000,FORWARD
2026-09-19T18:09:52.116574,1789834192.1166,181,791,608,0.000,1.000,FORWARD
2026-09-19T18:09:52.183313,1789834192.1833,183,792,616,0.000,1.000,FORWARD
2026-09-19T18:09:52.250005,1789834192.2500,177,783,615,0.000,1.000,FORWARD
2026-09-19T18:09:52.316899,1789834192.3169,172,783,611,0.000,1.000,FORWARD
2026-09-19T18:09:52.383777,1789834192.3838,171,752,628,0.000,1.000,FORWARD
2026-09-19T18:09:52.450393,1789834192.4504,168,752,636,0.000,1.000,FORWARD
2026-09-19T18:09:52.517332,1789834192.5173,161,736,658,0.000,1.000,FORWARD
2026-09-19T18:09:52.584098,1789834192.5841,159,708,649,0.000,1.000,FORWARD
2026-09-19T18:09:52.650778,1789834192.6508,154,695,661,0.100,1.000,FORWARD
2026-09-19T18:09:52.717761,1789834192.7178,149,703,665,0.130,1.000,FORWARD
2026-09-19T18:09:52.784497,1789834192.7845,141,674,671,0.130,1.000,FORWARD
2026-09-19T18:09:52.851152,1789834192.8512,139,664,662,0.130,1.000,FORWARD
2026-09-19T18:09:52.918074,1789834192.9181,134,645,661,0.130,1.000,FORWARD
2026-09-19T18:09:52.984872,1789834192.9849,133,648,671,0.141,1.000,FORWARD
2026-09-19T18:09:53.051555,1789834193.0516,130,619,653,0.268,1.000,FORWARD_RIGHT
2026-09-19T18:09:53.118472,1789834193.1185,127,601,643,0.279,1.000,FORWARD_RIGHT
2026-09-19T18:09:53.185273,1789834193.1853,121,600,642,0.279,1.000,FORWARD_RIGHT
2026-09-19T18:09:53.251927,1789834193.2519,124,585,636,0.279,1.000,FORWARD_RIGHT
2026-09-19T18:09:53.318937,1789834193.3189,125,560,626,0.279,1.000,FORWARD_RIGHT
2026-09-19T18:09:53.385752,1789834193.3858,125,548,622,0.279,1.000,FORWARD_RIGHT
2026-09-19T18:09:53.452351,1789834193.4524,128,542,605,0.279,1.000,FORWARD_RIGHT
2026-09-19T18:09:53.519257,1789834193.5193,135,521,606,0.279,1.000,FORWARD_RIGHT
2026-09-19T18:09:53.586059,1789834193.5861,155,511,594,0.279,1.000,FORWARD_RIGHT
2026-09-19T18:09:53.652731,1789834193.6527,189,500,589,0.268,1.000,FORWARD_RIGHT
2026-09-19T18:09:53.719671,1789834193.7197,-1,474,561,0.268,1.000,FORWARD_RIGHT
2026-09-19T18:09:53.786458,1789834193.7865,953,477,567,0.268,1.000,FORWARD_RIGHT
2026-09-19T18:09:53.853133,1789834193.8531,-1,462,559,0.268,1.000,FORWARD_RIGHT
2026-09-19T18:09:53.920043,1789834193.9200,836,436,557,-0.021,1.000,FORWARD
2026-09-19T18:09:53.986857,1789834193.9869,834,430,550,-0.193,1.000,FORWARD_LEFT
2026-09-19T18:09:54.053540,1789834194.0535,771,412,532,-0.182,1.000,FORWARD_LEFT
2026-09-19T18:09:54.120503,1789834194.1205,793,396,514,-0.197,1.000,FORWARD_LEFT
2026-09-19T18:09:54.187263,1789834194.1873,747,387,494,-0.279,1.000,FORWARD_LEFT
2026-09-19T18:09:54.253947,1789834194.2539,793,377,475,-0.365,1.000,FORWARD_LEFT
2026-09-19T18:09:54.320826,1789834194.3208,718,355,457,-0.380,1.000,FORWARD_LEFT
2026-09-19T18:09:54.387544,1789834194.3875,718,355,457,-0.402,1.000,FORWARD_LEFT
2026-09-19T18:09:54.454339,1789834194.4543,675,342,410,-0.425,1.000,FORWARD_LEFT
2026-09-19T18:09:54.521266,1789834194.5213,701,319,391,-0.533,1.000,FORWARD_LEFT
2026-09-19T18:09:54.588051,1789834194.5881,695,313,375,-0.612,0.966,FORWARD_LEFT
2026-09-19T18:09:54.654689,1789834194.6547,641,306,361,-0.615,0.962,FORWARD_LEFT
2026-09-19T18:09:54.721584,1789834194.7216,652,286,329,-0.615,0.962,FORWARD_LEFT
2026-09-19T18:09:54.788420,1789834194.7884,682,280,324,-0.724,0.867,FORWARD_LEFT
2026-09-19T18:09:54.855034,1789834194.8550,689,274,309,-0.851,0.572,FORWARD_LEFT
2026-09-19T18:09:54.922017,1789834194.9220,729,269,289,-0.966,0.409,FORWARD_LEFT
2026-09-19T18:09:54.988801,1789834194.9888,644,267,281,-0.966,0.409,FORWARD_LEFT
2026-09-19T18:09:55.055478,1789834195.0555,792,269,280,-0.966,0.409,FORWARD_LEFT
2026-09-19T18:09:55.122407,1789834195.1224,-1,267,268,-0.955,0.409,FORWARD_LEFT
2026-09-19T18:09:55.189210,1789834195.1892,-1,272,269,-0.955,0.409,FORWARD_LEFT
2026-09-19T18:09:55.255868,1789834195.2559,-1,270,268,-0.955,0.409,FORWARD_LEFT
2026-09-19T18:09:55.322824,1789834195.3228,1089,268,260,-0.955,0.458,FORWARD_LEFT
2026-09-19T18:09:55.389622,1789834195.3896,-1,274,259,-0.944,0.508,FORWARD_LEFT
2026-09-19T18:09:55.456279,1789834195.4563,-1,282,256,-0.895,0.568,FORWARD_LEFT
2026-09-19T18:09:55.523214,1789834195.5232,-1,284,253,-0.813,0.693,FORWARD_LEFT
2026-09-19T18:09:55.590053,1789834195.5901,-1,283,249,-0.727,0.822,FORWARD_LEFT
2026-09-19T18:09:55.656685,1789834195.6567,-1,289,247,-0.615,0.886,FORWARD_LEFT
2026-09-19T18:09:55.723735,1789834195.7237,-1,294,236,-0.615,0.894,FORWARD_LEFT
2026-09-19T18:09:55.790438,1789834195.7904,-1,290,233,-0.615,0.894,FORWARD_LEFT
2026-09-19T18:09:55.857077,1789834195.8571,-1,286,230,-0.615,0.894,FORWARD_LEFT
2026-09-19T18:09:55.924436,1789834195.9244,-1,290,217,-0.615,0.894,FORWARD_LEFT
2026-09-19T18:09:55.991441,1789834195.9914,-1,288,214,-0.615,0.894,FORWARD_LEFT
2026-09-19T18:09:56.059048,1789834196.0590,-1,292,204,-0.615,0.894,FORWARD_LEFT
2026-09-19T18:09:56.124467,1789834196.1245,-1,284,200,-0.619,0.867,FORWARD_LEFT
2026-09-19T18:09:56.191091,1789834196.1911,-1,294,195,-0.727,0.803,FORWARD_LEFT
2026-09-19T18:09:56.260089,1789834196.2601,-1,295,187,-0.727,0.803,FORWARD_LEFT
2026-09-19T18:09:56.324838,1789834196.3248,-1,301,186,-0.727,0.803,FORWARD_LEFT
2026-09-19T18:09:56.391714,1789834196.3917,-1,307,185,-0.727,0.803,FORWARD_LEFT
2026-09-19T18:09:56.460108,1789834196.4601,-1,324,184,-0.727,0.803,FORWARD_LEFT
2026-09-19T18:09:56.525273,1789834196.5253,-1,326,183,-0.727,0.803,FORWARD_LEFT
2026-09-19T18:09:56.591905,1789834196.5919,-1,340,181,-0.727,0.803,FORWARD_LEFT
2026-09-19T18:09:56.660103,1789834196.6601,1083,358,182,-0.727,0.803,FORWARD_LEFT
2026-09-19T18:09:56.725609,1789834196.7256,855,377,179,-0.727,0.803,FORWARD_LEFT
2026-09-19T18:09:56.792288,1789834196.7923,-1,405,183,-0.720,0.826,FORWARD_LEFT
2026-09-19T18:09:56.860110,1789834196.8601,631,414,184,-0.660,0.864,FORWARD_LEFT
2026-09-19T18:09:56.926012,1789834196.9260,651,444,185,-0.544,0.955,FORWARD_LEFT
2026-09-19T18:09:56.992798,1789834196.9928,607,464,189,-0.544,0.966,FORWARD_LEFT
2026-09-19T18:09:57.059476,1789834197.0595,566,455,187,-0.544,0.966,FORWARD_LEFT
2026-09-19T18:09:57.126409,1789834197.1264,549,501,184,-0.544,0.966,FORWARD_LEFT
2026-09-19T18:09:57.193069,1789834197.1931,534,517,186,-0.544,0.966,FORWARD_LEFT
2026-09-19T18:09:57.261128,1789834197.2611,509,567,187,-0.544,0.966,FORWARD_LEFT
2026-09-19T18:09:57.326802,1789834197.3268,478,558,190,-0.544,0.966,FORWARD_LEFT
2026-09-19T18:09:57.393544,1789834197.3935,471,532,190,-0.544,0.966,FORWARD_LEFT
2026-09-19T18:09:57.460408,1789834197.4604,449,658,197,-0.544,0.966,FORWARD_LEFT
2026-09-19T18:09:57.527212,1789834197.5272,444,639,195,-0.544,0.966,FORWARD_LEFT
2026-09-19T18:09:57.593865,1789834197.5939,422,642,196,-0.544,0.966,FORWARD_LEFT
2026-09-19T18:09:57.660686,1789834197.6607,413,704,197,-0.544,0.966,FORWARD_LEFT
2026-09-19T18:09:57.727629,1789834197.7276,396,845,200,-0.544,0.966,FORWARD_LEFT
2026-09-19T18:09:57.794289,1789834197.7943,380,-1,207,-0.533,0.970,FORWARD_LEFT
2026-09-19T18:09:57.861201,1789834197.8612,366,1199,212,-0.417,1.000,FORWARD_LEFT
2026-09-19T18:09:57.927999,1789834197.9280,358,1222,223,-0.309,1.000,FORWARD_LEFT
2026-09-19T18:09:57.994668,1789834197.9947,355,-1,230,-0.287,1.000,FORWARD_LEFT
2026-09-19T18:09:58.062163,1789834198.0622,359,-1,220,-0.287,1.000,FORWARD_LEFT
2026-09-19T18:09:58.128424,1789834198.1284,348,-1,221,-0.204,1.000,FORWARD_LEFT
2026-09-19T18:09:58.195071,1789834198.1951,351,-1,223,-0.122,1.000,FORWARD
2026-09-19T18:09:58.262013,1789834198.2620,351,1204,215,-0.133,1.000,FORWARD
2026-09-19T18:09:58.328802,1789834198.3288,352,1212,219,-0.133,1.000,FORWARD
2026-09-19T18:09:58.395471,1789834198.3955,360,1260,219,-0.133,1.000,FORWARD
2026-09-19T18:09:58.462416,1789834198.4624,356,1256,218,-0.133,1.000,FORWARD
2026-09-19T18:09:58.529211,1789834198.5292,364,-1,216,-0.133,1.000,FORWARD
2026-09-19T18:09:58.595863,1789834198.5959,364,1161,219,-0.133,1.000,FORWARD
2026-09-19T18:09:58.662859,1789834198.6629,366,1135,216,-0.122,1.000,FORWARD
2026-09-19T18:09:58.729640,1789834198.7296,371,-1,216,-0.085,1.000,FORWARD
2026-09-19T18:09:58.796276,1789834198.7963,376,-1,213,-0.036,1.000,FORWARD
2026-09-19T18:09:58.863210,1789834198.8632,373,1153,211,-0.036,1.000,FORWARD
2026-09-19T18:09:58.930030,1789834198.9300,374,1105,213,-0.085,1.000,FORWARD
2026-09-19T18:09:58.996687,1789834198.9967,374,1121,212,-0.201,1.000,FORWARD_LEFT
2026-09-19T18:09:59.063642,1789834199.0636,371,1131,213,-0.227,1.000,FORWARD_LEFT
2026-09-19T18:09:59.130460,1789834199.1305,383,1086,209,-0.283,1.000,FORWARD_LEFT
2026-09-19T18:09:59.197074,1789834199.1971,374,1102,217,-0.290,1.000,FORWARD_LEFT
2026-09-19T18:09:59.264010,1789834199.2640,370,1095,218,-0.290,1.000,FORWARD_LEFT
2026-09-19T18:09:59.330815,1789834199.3308,375,1074,215,-0.290,1.000,FORWARD_LEFT
2026-09-19T18:09:59.397469,1789834199.3975,369,1073,222,-0.290,1.000,FORWARD_LEFT
2026-09-19T18:09:59.464524,1789834199.4645,364,1042,222,-0.290,1.000,FORWARD_LEFT
2026-09-19T18:09:59.531217,1789834199.5312,366,1079,220,-0.290,1.000,FORWARD_LEFT
2026-09-19T18:09:59.597816,1789834199.5978,365,1027,226,-0.290,1.000,FORWARD_LEFT
2026-09-19T18:09:59.664635,1789834199.6646,359,1033,225,-0.290,1.000,FORWARD_LEFT
2026-09-19T18:09:59.731461,1789834199.7315,359,1008,228,-0.290,1.000,FORWARD_LEFT
2026-09-19T18:09:59.798007,1789834199.7980,364,1009,231,-0.290,1.000,FORWARD_LEFT
2026-09-19T18:09:59.864964,1789834199.8650,357,965,231,-0.290,1.000,FORWARD_LEFT
2026-09-19T18:09:59.931805,1789834199.9318,355,955,241,-0.290,1.000,FORWARD_LEFT
2026-09-19T18:09:59.998456,1789834199.9985,354,961,238,-0.290,1.000,FORWARD_LEFT
2026-09-19T18:10:00.065272,1789834200.0653,348,903,245,-0.290,1.000,FORWARD_LEFT
2026-09-19T18:10:00.132220,1789834200.1322,351,942,254,-0.290,1.000,FORWARD_LEFT
2026-09-19T18:10:00.198934,1789834200.1989,345,975,252,-0.290,1.000,FORWARD_LEFT
2026-09-19T18:10:00.265854,1789834200.2659,346,906,252,-0.290,1.000,FORWARD_LEFT
2026-09-19T18:10:00.332670,1789834200.3327,341,900,252,-0.290,1.000,FORWARD_LEFT
2026-09-19T18:10:00.399338,1789834200.3993,333,902,261,-0.305,1.000,FORWARD_LEFT
2026-09-19T18:10:00.466254,1789834200.4663,330,882,262,-0.316,1.000,FORWARD_LEFT
2026-09-19T18:10:00.533092,1789834200.5331,337,858,263,-0.421,1.000,FORWARD_LEFT
2026-09-19T18:10:00.599719,1789834200.5997,321,871,268,-0.425,1.000,FORWARD_LEFT
2026-09-19T18:10:00.666685,1789834200.6667,319,869,282,-0.425,1.000,FORWARD_LEFT
2026-09-19T18:10:00.733460,1789834200.7335,314,836,279,-0.425,1.000,FORWARD_LEFT
2026-09-19T18:10:00.800121,1789834200.8001,314,826,289,-0.279,1.000,FORWARD_LEFT
2026-09-19T18:10:00.867027,1789834200.8670,314,813,297,-0.268,1.000,FORWARD_LEFT
